request_id,employee_id,leave_type,start_date,end_date,days,event_type,status,created_at,approved_at
michael-moore-00000,michael-moore,Maternity Leave,2023-12-21,2023-12-25,5,request_created,PENDING,2025-11-17T12:53:54.296586,
michael-moore-00000,michael-moore,Maternity Leave,2023-12-21,2023-12-25,5,request_approved,APPROVED,2025-11-17T12:53:54.296586,2025-11-17T12:53:54.296601
michael-collier-00001,michael-collier,Sick Leave,2024-12-01,2024-12-06,6,request_created,PENDING,2025-11-17T12:53:54.296677,
michael-collier-00001,michael-collier,Sick Leave,2024-12-01,2024-12-06,6,request_approved,APPROVED,2025-11-17T12:53:54.296677,2025-11-17T12:53:54.296680
ashley-rogers-00002,ashley-rogers,Maternity Leave,2024-06-08,2024-06-11,4,request_created,PENDING,2025-11-17T12:53:54.296726,
ashley-rogers-00002,ashley-rogers,Maternity Leave,2024-06-08,2024-06-11,4,request_approved,APPROVED,2025-11-17T12:53:54.296726,2025-11-17T12:53:54.296728
kelly-alexander-00003,kelly-alexander,Earned Leave,2024-11-03,2024-11-08,6,request_created,PENDING,2025-11-17T12:53:54.296769,
kelly-alexander-00003,kelly-alexander,Earned Leave,2024-11-03,2024-11-08,6,request_approved,APPROVED,2025-11-17T12:53:54.296769,2025-11-17T12:53:54.296770
corey-chung-00004,corey-chung,Maternity Leave,2024-03-01,2024-03-06,6,request_created,PENDING,2025-11-17T12:53:54.296807,
corey-chung-00004,corey-chung,Maternity Leave,2024-03-01,2024-03-06,6,request_approved,APPROVED,2025-11-17T12:53:54.296807,2025-11-17T12:53:54.296809
daniel-schmidt-00005,daniel-schmidt,Sick Leave,2024-08-28,2024-09-05,9,request_created,PENDING,2025-11-17T12:53:54.296844,
daniel-schmidt-00005,daniel-schmidt,Sick Leave,2024-08-28,2024-09-05,9,request_approved,APPROVED,2025-11-17T12:53:54.296844,2025-11-17T12:53:54.296846
nicole-day-00006,nicole-day,Earned Leave,2024-08-01,2024-08-06,6,request_created,PENDING,2025-11-17T12:53:54.296878,
nicole-day-00006,nicole-day,Earned Leave,2024-08-01,2024-08-06,6,request_approved,APPROVED,2025-11-17T12:53:54.296878,2025-11-17T12:53:54.296879
justin-waller-00007,justin-waller,Paternity Leave,2024-09-24,2024-09-30,7,request_created,PENDING,2025-11-17T12:53:54.296912,
justin-waller-00007,justin-waller,Paternity Leave,2024-09-24,2024-09-30,7,request_approved,APPROVED,2025-11-17T12:53:54.296912,2025-11-17T12:53:54.296914
gavin-johnson-00008,gavin-johnson,Maternity Leave,2024-01-25,2024-01-31,7,request_created,PENDING,2025-11-17T12:53:54.296946,
gavin-johnson-00008,gavin-johnson,Maternity Leave,2024-01-25,2024-01-31,7,request_approved,APPROVED,2025-11-17T12:53:54.296946,2025-11-17T12:53:54.296947
kevin-wall-00009,kevin-wall,Sick Leave,2024-04-22,2024-04-26,5,request_created,PENDING,2025-11-17T12:53:54.296979,
kevin-wall-00009,kevin-wall,Sick Leave,2024-04-22,2024-04-26,5,request_approved,APPROVED,2025-11-17T12:53:54.296979,2025-11-17T12:53:54.296980
amy-gaines-00010,amy-gaines,Sick Leave,2024-03-22,2024-03-27,6,request_created,PENDING,2025-11-17T12:53:54.297010,
amy-gaines-00010,amy-gaines,Sick Leave,2024-03-22,2024-03-27,6,request_approved,APPROVED,2025-11-17T12:53:54.297010,2025-11-17T12:53:54.297016
sally-chapman-00011,sally-chapman,Earned Leave,2024-02-25,2024-03-02,7,request_created,PENDING,2025-11-17T12:53:54.297048,
sally-chapman-00011,sally-chapman,Earned Leave,2024-02-25,2024-03-02,7,request_approved,APPROVED,2025-11-17T12:53:54.297048,2025-11-17T12:53:54.297050
robert-jones-00012,robert-jones,Paternity Leave,2024-11-02,2024-11-08,7,request_created,PENDING,2025-11-17T12:53:54.297084,
robert-jones-00012,robert-jones,Paternity Leave,2024-11-02,2024-11-08,7,request_approved,APPROVED,2025-11-17T12:53:54.297084,2025-11-17T12:53:54.297085
daniel-gomez-00013,daniel-gomez,Earned Leave,2024-07-18,2024-07-20,3,request_created,PENDING,2025-11-17T12:53:54.297117,
daniel-gomez-00013,daniel-gomez,Earned Leave,2024-07-18,2024-07-20,3,request_approved,APPROVED,2025-11-17T12:53:54.297117,2025-11-17T12:53:54.297119
randy-reyes-00014,randy-reyes,Paternity Leave,2023-12-31,2024-01-07,8,request_created,PENDING,2025-11-17T12:53:54.297150,
randy-reyes-00014,randy-reyes,Paternity Leave,2023-12-31,2024-01-07,8,request_approved,APPROVED,2025-11-17T12:53:54.297150,2025-11-17T12:53:54.297151
phillip-alvarez-00015,phillip-alvarez,Casual Leave,2024-04-17,2024-04-20,4,request_created,PENDING,2025-11-17T12:53:54.297181,
phillip-alvarez-00015,phillip-alvarez,Casual Leave,2024-04-17,2024-04-20,4,request_approved,APPROVED,2025-11-17T12:53:54.297181,2025-11-17T12:53:54.297182
kathryn-hobbs-00016,kathryn-hobbs,Earned Leave,2024-03-25,2024-04-02,9,request_created,PENDING,2025-11-17T12:53:54.297211,
kathryn-hobbs-00016,kathryn-hobbs,Earned Leave,2024-03-25,2024-04-02,9,request_approved,APPROVED,2025-11-17T12:53:54.297211,2025-11-17T12:53:54.297213
joseph-james-md-00017,joseph-james-md,Casual Leave,2024-06-20,2024-06-27,8,request_created,PENDING,2025-11-17T12:53:54.297241,
joseph-james-md-00017,joseph-james-md,Casual Leave,2024-06-20,2024-06-27,8,request_approved,APPROVED,2025-11-17T12:53:54.297241,2025-11-17T12:53:54.297243
dalton-barber-00018,dalton-barber,Maternity Leave,2024-09-24,2024-10-01,8,request_created,PENDING,2025-11-17T12:53:54.297272,
dalton-barber-00018,dalton-barber,Maternity Leave,2024-09-24,2024-10-01,8,request_approved,APPROVED,2025-11-17T12:53:54.297272,2025-11-17T12:53:54.297273
holly-parsons-00019,holly-parsons,Earned Leave,2024-09-15,2024-09-22,8,request_created,PENDING,2025-11-17T12:53:54.297304,
holly-parsons-00019,holly-parsons,Earned Leave,2024-09-15,2024-09-22,8,request_approved,APPROVED,2025-11-17T12:53:54.297304,2025-11-17T12:53:54.297305
elizabeth-cook-00020,elizabeth-cook,Sick Leave,2024-04-18,2024-04-25,8,request_created,PENDING,2025-11-17T12:53:54.297340,
elizabeth-cook-00020,elizabeth-cook,Sick Leave,2024-04-18,2024-04-25,8,request_approved,APPROVED,2025-11-17T12:53:54.297340,2025-11-17T12:53:54.297341
joseph-lawrence-00021,joseph-lawrence,Paternity Leave,2024-09-22,2024-09-28,7,request_created,PENDING,2025-11-17T12:53:54.297371,
joseph-lawrence-00021,joseph-lawrence,Paternity Leave,2024-09-22,2024-09-28,7,request_approved,APPROVED,2025-11-17T12:53:54.297371,2025-11-17T12:53:54.297373
joanna-frye-00022,joanna-frye,Casual Leave,2024-10-18,2024-10-26,9,request_created,PENDING,2025-11-17T12:53:54.297403,
joanna-frye-00022,joanna-frye,Casual Leave,2024-10-18,2024-10-26,9,request_approved,APPROVED,2025-11-17T12:53:54.297403,2025-11-17T12:53:54.297404
elizabeth-sullivan-00023,elizabeth-sullivan,Casual Leave,2024-12-04,2024-12-12,9,request_created,PENDING,2025-11-17T12:53:54.297432,
elizabeth-sullivan-00023,elizabeth-sullivan,Casual Leave,2024-12-04,2024-12-12,9,request_approved,APPROVED,2025-11-17T12:53:54.297432,2025-11-17T12:53:54.297434
vincent-gonzalez-00024,vincent-gonzalez,Earned Leave,2024-08-31,2024-09-09,10,request_created,PENDING,2025-11-17T12:53:54.297462,
vincent-gonzalez-00024,vincent-gonzalez,Earned Leave,2024-08-31,2024-09-09,10,request_approved,APPROVED,2025-11-17T12:53:54.297462,2025-11-17T12:53:54.297464
danielle-george-00025,danielle-george,Paternity Leave,2024-03-29,2024-04-03,6,request_created,PENDING,2025-11-17T12:53:54.297491,
danielle-george-00025,danielle-george,Paternity Leave,2024-03-29,2024-04-03,6,request_approved,APPROVED,2025-11-17T12:53:54.297491,2025-11-17T12:53:54.297493
kelly-hendrix-00026,kelly-hendrix,Earned Leave,2024-12-06,2024-12-11,6,request_created,PENDING,2025-11-17T12:53:54.297521,
kelly-hendrix-00026,kelly-hendrix,Earned Leave,2024-12-06,2024-12-11,6,request_approved,APPROVED,2025-11-17T12:53:54.297521,2025-11-17T12:53:54.297523
tammy-watson-00027,tammy-watson,Maternity Leave,2024-06-07,2024-06-09,3,request_created,PENDING,2025-11-17T12:53:54.297556,
tammy-watson-00027,tammy-watson,Maternity Leave,2024-06-07,2024-06-09,3,request_approved,APPROVED,2025-11-17T12:53:54.297556,2025-11-17T12:53:54.297557
peter-ryan-00028,peter-ryan,Casual Leave,2024-07-02,2024-07-10,9,request_created,PENDING,2025-11-17T12:53:54.297585,
peter-ryan-00028,peter-ryan,Casual Leave,2024-07-02,2024-07-10,9,request_approved,APPROVED,2025-11-17T12:53:54.297585,2025-11-17T12:53:54.297587
sharon-aguilar-00029,sharon-aguilar,Maternity Leave,2024-05-21,2024-05-28,8,request_created,PENDING,2025-11-17T12:53:54.297615,
sharon-aguilar-00029,sharon-aguilar,Maternity Leave,2024-05-21,2024-05-28,8,request_approved,APPROVED,2025-11-17T12:53:54.297615,2025-11-17T12:53:54.297616
deanna-huang-00030,deanna-huang,Casual Leave,2024-09-12,2024-09-17,6,request_created,PENDING,2025-11-17T12:53:54.297646,
deanna-huang-00030,deanna-huang,Casual Leave,2024-09-12,2024-09-17,6,request_approved,APPROVED,2025-11-17T12:53:54.297646,2025-11-17T12:53:54.297647
chase-golden-00031,chase-golden,Casual Leave,2024-03-28,2024-04-05,9,request_created,PENDING,2025-11-17T12:53:54.297676,
chase-golden-00031,chase-golden,Casual Leave,2024-03-28,2024-04-05,9,request_approved,APPROVED,2025-11-17T12:53:54.297676,2025-11-17T12:53:54.297678
haley-holmes-00032,haley-holmes,Casual Leave,2024-04-23,2024-04-28,6,request_created,PENDING,2025-11-17T12:53:54.297706,
haley-holmes-00032,haley-holmes,Casual Leave,2024-04-23,2024-04-28,6,request_approved,APPROVED,2025-11-17T12:53:54.297706,2025-11-17T12:53:54.297708
jennifer-campbell-00033,jennifer-campbell,Casual Leave,2024-10-01,2024-10-01,1,request_created,PENDING,2025-11-17T12:53:54.297737,
jennifer-campbell-00033,jennifer-campbell,Casual Leave,2024-10-01,2024-10-01,1,request_approved,APPROVED,2025-11-17T12:53:54.297737,2025-11-17T12:53:54.297738
jennifer-santiago-00034,jennifer-santiago,Sick Leave,2024-12-03,2024-12-04,2,request_created,PENDING,2025-11-17T12:53:54.297767,
jennifer-santiago-00034,jennifer-santiago,Sick Leave,2024-12-03,2024-12-04,2,request_approved,APPROVED,2025-11-17T12:53:54.297767,2025-11-17T12:53:54.297769
luke-jackson-00035,luke-jackson,Sick Leave,2024-03-21,2024-03-27,7,request_created,PENDING,2025-11-17T12:53:54.297797,
luke-jackson-00035,luke-jackson,Sick Leave,2024-03-21,2024-03-27,7,request_approved,APPROVED,2025-11-17T12:53:54.297797,2025-11-17T12:53:54.297798
alyssa-adams-00036,alyssa-adams,Sick Leave,2024-03-18,2024-03-18,1,request_created,PENDING,2025-11-17T12:53:54.297825,
alyssa-adams-00036,alyssa-adams,Sick Leave,2024-03-18,2024-03-18,1,request_approved,APPROVED,2025-11-17T12:53:54.297825,2025-11-17T12:53:54.297827
brenda-wilson-00037,brenda-wilson,Earned Leave,2024-09-17,2024-09-23,7,request_created,PENDING,2025-11-17T12:53:54.297854,
brenda-wilson-00037,brenda-wilson,Earned Leave,2024-09-17,2024-09-23,7,request_approved,APPROVED,2025-11-17T12:53:54.297854,2025-11-17T12:53:54.297856
kristina-lowe-00038,kristina-lowe,Sick Leave,2024-12-16,2024-12-25,10,request_created,PENDING,2025-11-17T12:53:54.297883,
kristina-lowe-00038,kristina-lowe,Sick Leave,2024-12-16,2024-12-25,10,request_approved,APPROVED,2025-11-17T12:53:54.297883,2025-11-17T12:53:54.297886
sean-shah-00039,sean-shah,Sick Leave,2024-06-12,2024-06-19,8,request_created,PENDING,2025-11-17T12:53:54.297913,
sean-shah-00039,sean-shah,Sick Leave,2024-06-12,2024-06-19,8,request_approved,APPROVED,2025-11-17T12:53:54.297913,2025-11-17T12:53:54.297915
joseph-manning-00040,joseph-manning,Sick Leave,2024-09-06,2024-09-11,6,request_created,PENDING,2025-11-17T12:53:54.297942,
joseph-manning-00040,joseph-manning,Sick Leave,2024-09-06,2024-09-11,6,request_approved,APPROVED,2025-11-17T12:53:54.297942,2025-11-17T12:53:54.297944
joseph-grant-00041,joseph-grant,Paternity Leave,2024-07-10,2024-07-13,4,request_created,PENDING,2025-11-17T12:53:54.297971,
joseph-grant-00041,joseph-grant,Paternity Leave,2024-07-10,2024-07-13,4,request_approved,APPROVED,2025-11-17T12:53:54.297971,2025-11-17T12:53:54.297973
antonio-welch-00042,antonio-welch,Casual Leave,2024-01-05,2024-01-12,8,request_created,PENDING,2025-11-17T12:53:54.298000,
antonio-welch-00042,antonio-welch,Casual Leave,2024-01-05,2024-01-12,8,request_approved,APPROVED,2025-11-17T12:53:54.298000,2025-11-17T12:53:54.298001
yolanda-holt-00043,yolanda-holt,Casual Leave,2024-03-30,2024-04-04,6,request_created,PENDING,2025-11-17T12:53:54.298029,
yolanda-holt-00043,yolanda-holt,Casual Leave,2024-03-30,2024-04-04,6,request_approved,APPROVED,2025-11-17T12:53:54.298029,2025-11-17T12:53:54.298030
anna-acosta-00044,anna-acosta,Sick Leave,2024-08-01,2024-08-01,1,request_created,PENDING,2025-11-17T12:53:54.298058,
anna-acosta-00044,anna-acosta,Sick Leave,2024-08-01,2024-08-01,1,request_approved,APPROVED,2025-11-17T12:53:54.298058,2025-11-17T12:53:54.298059
robert-hardy-00045,robert-hardy,Casual Leave,2023-12-24,2023-12-31,8,request_created,PENDING,2025-11-17T12:53:54.298089,
robert-hardy-00045,robert-hardy,Casual Leave,2023-12-24,2023-12-31,8,request_approved,APPROVED,2025-11-17T12:53:54.298089,2025-11-17T12:53:54.298090
crystal-wilson-00046,crystal-wilson,Casual Leave,2024-01-27,2024-02-03,8,request_created,PENDING,2025-11-17T12:53:54.298120,
crystal-wilson-00046,crystal-wilson,Casual Leave,2024-01-27,2024-02-03,8,request_approved,APPROVED,2025-11-17T12:53:54.298120,2025-11-17T12:53:54.298122
dawn-carey-00047,dawn-carey,Sick Leave,2024-01-16,2024-01-17,2,request_created,PENDING,2025-11-17T12:53:54.298151,
dawn-carey-00047,dawn-carey,Sick Leave,2024-01-16,2024-01-17,2,request_approved,APPROVED,2025-11-17T12:53:54.298151,2025-11-17T12:53:54.298153
caleb-terrell-00048,caleb-terrell,Earned Leave,2024-01-22,2024-01-29,8,request_created,PENDING,2025-11-17T12:53:54.298182,
caleb-terrell-00048,caleb-terrell,Earned Leave,2024-01-22,2024-01-29,8,request_approved,APPROVED,2025-11-17T12:53:54.298182,2025-11-17T12:53:54.298183
cynthia-strickland-00049,cynthia-strickland,Sick Leave,2024-09-24,2024-09-28,5,request_created,PENDING,2025-11-17T12:53:54.298212,
cynthia-strickland-00049,cynthia-strickland,Sick Leave,2024-09-24,2024-09-28,5,request_approved,APPROVED,2025-11-17T12:53:54.298212,2025-11-17T12:53:54.298217
terri-salas-00050,terri-salas,Casual Leave,2024-06-22,2024-06-24,3,request_created,PENDING,2025-11-17T12:53:54.298252,
terri-salas-00050,terri-salas,Casual Leave,2024-06-22,2024-06-24,3,request_approved,APPROVED,2025-11-17T12:53:54.298252,2025-11-17T12:53:54.298254
john-reese-00051,john-reese,Sick Leave,2024-08-07,2024-08-11,5,request_created,PENDING,2025-11-17T12:53:54.298285,
john-reese-00051,john-reese,Sick Leave,2024-08-07,2024-08-11,5,request_approved,APPROVED,2025-11-17T12:53:54.298285,2025-11-17T12:53:54.298286
scott-johnson-00052,scott-johnson,Maternity Leave,2024-02-25,2024-03-02,7,request_created,PENDING,2025-11-17T12:53:54.298315,
scott-johnson-00052,scott-johnson,Maternity Leave,2024-02-25,2024-03-02,7,request_approved,APPROVED,2025-11-17T12:53:54.298315,2025-11-17T12:53:54.298316
kevin-orr-00053,kevin-orr,Casual Leave,2024-02-01,2024-02-10,10,request_created,PENDING,2025-11-17T12:53:54.298345,
kevin-orr-00053,kevin-orr,Casual Leave,2024-02-01,2024-02-10,10,request_approved,APPROVED,2025-11-17T12:53:54.298345,2025-11-17T12:53:54.298346
julia-rivers-00054,julia-rivers,Earned Leave,2024-08-20,2024-08-25,6,request_created,PENDING,2025-11-17T12:53:54.298374,
julia-rivers-00054,julia-rivers,Earned Leave,2024-08-20,2024-08-25,6,request_approved,APPROVED,2025-11-17T12:53:54.298374,2025-11-17T12:53:54.298377
robert-cervantes-00055,robert-cervantes,Paternity Leave,2024-08-16,2024-08-19,4,request_created,PENDING,2025-11-17T12:53:54.298404,
robert-cervantes-00055,robert-cervantes,Paternity Leave,2024-08-16,2024-08-19,4,request_approved,APPROVED,2025-11-17T12:53:54.298404,2025-11-17T12:53:54.298405
david-strong-dvm-00056,david-strong-dvm,Earned Leave,2024-01-21,2024-01-28,8,request_created,PENDING,2025-11-17T12:53:54.298432,
david-strong-dvm-00056,david-strong-dvm,Earned Leave,2024-01-21,2024-01-28,8,request_approved,APPROVED,2025-11-17T12:53:54.298432,2025-11-17T12:53:54.298434
denise-collins-00057,denise-collins,Maternity Leave,2024-11-16,2024-11-25,10,request_created,PENDING,2025-11-17T12:53:54.298462,
denise-collins-00057,denise-collins,Maternity Leave,2024-11-16,2024-11-25,10,request_approved,APPROVED,2025-11-17T12:53:54.298462,2025-11-17T12:53:54.298464
terri-olsen-00058,terri-olsen,Paternity Leave,2024-02-26,2024-03-02,6,request_created,PENDING,2025-11-17T12:53:54.298493,
terri-olsen-00058,terri-olsen,Paternity Leave,2024-02-26,2024-03-02,6,request_approved,APPROVED,2025-11-17T12:53:54.298493,2025-11-17T12:53:54.298495
allison-evans-00059,allison-evans,Casual Leave,2024-06-07,2024-06-10,4,request_created,PENDING,2025-11-17T12:53:54.298525,
allison-evans-00059,allison-evans,Casual Leave,2024-06-07,2024-06-10,4,request_approved,APPROVED,2025-11-17T12:53:54.298525,2025-11-17T12:53:54.298527
adam-solomon-00060,adam-solomon,Sick Leave,2024-04-18,2024-04-24,7,request_created,PENDING,2025-11-17T12:53:54.298555,
adam-solomon-00060,adam-solomon,Sick Leave,2024-04-18,2024-04-24,7,request_approved,APPROVED,2025-11-17T12:53:54.298555,2025-11-17T12:53:54.298556
billy-duran-00061,billy-duran,Paternity Leave,2024-10-14,2024-10-20,7,request_created,PENDING,2025-11-17T12:53:54.298584,
billy-duran-00061,billy-duran,Paternity Leave,2024-10-14,2024-10-20,7,request_approved,APPROVED,2025-11-17T12:53:54.298584,2025-11-17T12:53:54.298585
rita-hull-00062,rita-hull,Maternity Leave,2024-11-28,2024-11-29,2,request_created,PENDING,2025-11-17T12:53:54.298613,
rita-hull-00062,rita-hull,Maternity Leave,2024-11-28,2024-11-29,2,request_approved,APPROVED,2025-11-17T12:53:54.298613,2025-11-17T12:53:54.298615
martin-anderson-00063,martin-anderson,Paternity Leave,2024-05-09,2024-05-14,6,request_created,PENDING,2025-11-17T12:53:54.298642,
martin-anderson-00063,martin-anderson,Paternity Leave,2024-05-09,2024-05-14,6,request_approved,APPROVED,2025-11-17T12:53:54.298642,2025-11-17T12:53:54.298643
jessica-beard-00064,jessica-beard,Paternity Leave,2024-01-20,2024-01-25,6,request_created,PENDING,2025-11-17T12:53:54.298671,
jessica-beard-00064,jessica-beard,Paternity Leave,2024-01-20,2024-01-25,6,request_approved,APPROVED,2025-11-17T12:53:54.298671,2025-11-17T12:53:54.298673
kenneth-smith-00065,kenneth-smith,Casual Leave,2024-02-04,2024-02-08,5,request_created,PENDING,2025-11-17T12:53:54.298714,
kenneth-smith-00065,kenneth-smith,Casual Leave,2024-02-04,2024-02-08,5,request_approved,APPROVED,2025-11-17T12:53:54.298714,2025-11-17T12:53:54.298716
todd-preston-00066,todd-preston,Maternity Leave,2024-06-07,2024-06-15,9,request_created,PENDING,2025-11-17T12:53:54.298752,
todd-preston-00066,todd-preston,Maternity Leave,2024-06-07,2024-06-15,9,request_approved,APPROVED,2025-11-17T12:53:54.298752,2025-11-17T12:53:54.298753
lauren-santos-00067,lauren-santos,Maternity Leave,2023-12-25,2023-12-31,7,request_created,PENDING,2025-11-17T12:53:54.298789,
lauren-santos-00067,lauren-santos,Maternity Leave,2023-12-25,2023-12-31,7,request_approved,APPROVED,2025-11-17T12:53:54.298789,2025-11-17T12:53:54.298791
rachel-jones-00068,rachel-jones,Earned Leave,2024-08-27,2024-08-28,2,request_created,PENDING,2025-11-17T12:53:54.298818,
rachel-jones-00068,rachel-jones,Earned Leave,2024-08-27,2024-08-28,2,request_approved,APPROVED,2025-11-17T12:53:54.298818,2025-11-17T12:53:54.298819
tanya-cameron-00069,tanya-cameron,Sick Leave,2024-05-10,2024-05-14,5,request_created,PENDING,2025-11-17T12:53:54.298847,
tanya-cameron-00069,tanya-cameron,Sick Leave,2024-05-10,2024-05-14,5,request_approved,APPROVED,2025-11-17T12:53:54.298847,2025-11-17T12:53:54.298849
arthur-smith-00070,arthur-smith,Maternity Leave,2024-04-02,2024-04-09,8,request_created,PENDING,2025-11-17T12:53:54.298877,
arthur-smith-00070,arthur-smith,Maternity Leave,2024-04-02,2024-04-09,8,request_approved,APPROVED,2025-11-17T12:53:54.298877,2025-11-17T12:53:54.298879
allison-richard-00071,allison-richard,Sick Leave,2024-08-28,2024-08-28,1,request_created,PENDING,2025-11-17T12:53:54.298906,
allison-richard-00071,allison-richard,Sick Leave,2024-08-28,2024-08-28,1,request_approved,APPROVED,2025-11-17T12:53:54.298906,2025-11-17T12:53:54.298908
jessica-chaney-00072,jessica-chaney,Earned Leave,2024-02-10,2024-02-19,10,request_created,PENDING,2025-11-17T12:53:54.298935,
jessica-chaney-00072,jessica-chaney,Earned Leave,2024-02-10,2024-02-19,10,request_approved,APPROVED,2025-11-17T12:53:54.298935,2025-11-17T12:53:54.298936
lisa-richardson-00073,lisa-richardson,Paternity Leave,2024-11-23,2024-12-01,9,request_created,PENDING,2025-11-17T12:53:54.298964,
lisa-richardson-00073,lisa-richardson,Paternity Leave,2024-11-23,2024-12-01,9,request_approved,APPROVED,2025-11-17T12:53:54.298964,2025-11-17T12:53:54.298966
alexander-hahn-00074,alexander-hahn,Maternity Leave,2024-07-23,2024-07-30,8,request_created,PENDING,2025-11-17T12:53:54.298993,
alexander-hahn-00074,alexander-hahn,Maternity Leave,2024-07-23,2024-07-30,8,request_approved,APPROVED,2025-11-17T12:53:54.298993,2025-11-17T12:53:54.298997
kristen-kerr-00075,kristen-kerr,Maternity Leave,2024-04-17,2024-04-26,10,request_created,PENDING,2025-11-17T12:53:54.299024,
kristen-kerr-00075,kristen-kerr,Maternity Leave,2024-04-17,2024-04-26,10,request_approved,APPROVED,2025-11-17T12:53:54.299024,2025-11-17T12:53:54.299025
kathryn-grant-00076,kathryn-grant,Paternity Leave,2024-05-21,2024-05-27,7,request_created,PENDING,2025-11-17T12:53:54.299053,
kathryn-grant-00076,kathryn-grant,Paternity Leave,2024-05-21,2024-05-27,7,request_approved,APPROVED,2025-11-17T12:53:54.299053,2025-11-17T12:53:54.299055
erin-quinn-00077,erin-quinn,Paternity Leave,2024-10-28,2024-10-28,1,request_created,PENDING,2025-11-17T12:53:54.299083,
erin-quinn-00077,erin-quinn,Paternity Leave,2024-10-28,2024-10-28,1,request_approved,APPROVED,2025-11-17T12:53:54.299083,2025-11-17T12:53:54.299084
erik-pierce-00078,erik-pierce,Earned Leave,2024-02-29,2024-03-04,5,request_created,PENDING,2025-11-17T12:53:54.299112,
erik-pierce-00078,erik-pierce,Earned Leave,2024-02-29,2024-03-04,5,request_approved,APPROVED,2025-11-17T12:53:54.299112,2025-11-17T12:53:54.299114
jeffery-forbes-00079,jeffery-forbes,Maternity Leave,2024-11-12,2024-11-19,8,request_created,PENDING,2025-11-17T12:53:54.299141,
jeffery-forbes-00079,jeffery-forbes,Maternity Leave,2024-11-12,2024-11-19,8,request_approved,APPROVED,2025-11-17T12:53:54.299141,2025-11-17T12:53:54.299142
steven-patterson-00080,steven-patterson,Casual Leave,2024-08-17,2024-08-21,5,request_created,PENDING,2025-11-17T12:53:54.299178,
steven-patterson-00080,steven-patterson,Casual Leave,2024-08-17,2024-08-21,5,request_approved,APPROVED,2025-11-17T12:53:54.299178,2025-11-17T12:53:54.299179
heather-berry-00081,heather-berry,Sick Leave,2024-02-14,2024-02-16,3,request_created,PENDING,2025-11-17T12:53:54.299206,
heather-berry-00081,heather-berry,Sick Leave,2024-02-14,2024-02-16,3,request_approved,APPROVED,2025-11-17T12:53:54.299206,2025-11-17T12:53:54.299208
anthony-johnson-00082,anthony-johnson,Casual Leave,2024-06-29,2024-07-04,6,request_created,PENDING,2025-11-17T12:53:54.299235,
anthony-johnson-00082,anthony-johnson,Casual Leave,2024-06-29,2024-07-04,6,request_approved,APPROVED,2025-11-17T12:53:54.299235,2025-11-17T12:53:54.299237
edward-morrison-00083,edward-morrison,Sick Leave,2024-05-17,2024-05-19,3,request_created,PENDING,2025-11-17T12:53:54.299265,
edward-morrison-00083,edward-morrison,Sick Leave,2024-05-17,2024-05-19,3,request_approved,APPROVED,2025-11-17T12:53:54.299265,2025-11-17T12:53:54.299266
joseph-wheeler-00084,joseph-wheeler,Maternity Leave,2024-10-16,2024-10-18,3,request_created,PENDING,2025-11-17T12:53:54.299294,
joseph-wheeler-00084,joseph-wheeler,Maternity Leave,2024-10-16,2024-10-18,3,request_approved,APPROVED,2025-11-17T12:53:54.299294,2025-11-17T12:53:54.299295
brandon-price-00085,brandon-price,Sick Leave,2024-10-17,2024-10-26,10,request_created,PENDING,2025-11-17T12:53:54.299322,
brandon-price-00085,brandon-price,Sick Leave,2024-10-17,2024-10-26,10,request_approved,APPROVED,2025-11-17T12:53:54.299322,2025-11-17T12:53:54.299324
jeffrey-boyd-00086,jeffrey-boyd,Casual Leave,2024-06-27,2024-07-06,10,request_created,PENDING,2025-11-17T12:53:54.299350,
jeffrey-boyd-00086,jeffrey-boyd,Casual Leave,2024-06-27,2024-07-06,10,request_approved,APPROVED,2025-11-17T12:53:54.299350,2025-11-17T12:53:54.299362
justin-smith-00087,justin-smith,Paternity Leave,2024-10-06,2024-10-12,7,request_created,PENDING,2025-11-17T12:53:54.299392,
justin-smith-00087,justin-smith,Paternity Leave,2024-10-06,2024-10-12,7,request_approved,APPROVED,2025-11-17T12:53:54.299392,2025-11-17T12:53:54.299393
lee-abbott-00088,lee-abbott,Maternity Leave,2024-08-30,2024-09-08,10,request_created,PENDING,2025-11-17T12:53:54.299420,
lee-abbott-00088,lee-abbott,Maternity Leave,2024-08-30,2024-09-08,10,request_approved,APPROVED,2025-11-17T12:53:54.299420,2025-11-17T12:53:54.299422
carrie-anderson-00089,carrie-anderson,Earned Leave,2023-12-25,2024-01-03,10,request_created,PENDING,2025-11-17T12:53:54.299449,
carrie-anderson-00089,carrie-anderson,Earned Leave,2023-12-25,2024-01-03,10,request_approved,APPROVED,2025-11-17T12:53:54.299449,2025-11-17T12:53:54.299450
dr-jacqueline-cooper-00090,dr-jacqueline-cooper,Sick Leave,2024-05-17,2024-05-20,4,request_created,PENDING,2025-11-17T12:53:54.299477,
dr-jacqueline-cooper-00090,dr-jacqueline-cooper,Sick Leave,2024-05-17,2024-05-20,4,request_approved,APPROVED,2025-11-17T12:53:54.299477,2025-11-17T12:53:54.299479
zachary-castillo-00091,zachary-castillo,Sick Leave,2024-07-06,2024-07-14,9,request_created,PENDING,2025-11-17T12:53:54.299506,
zachary-castillo-00091,zachary-castillo,Sick Leave,2024-07-06,2024-07-14,9,request_approved,APPROVED,2025-11-17T12:53:54.299506,2025-11-17T12:53:54.299507
sonia-myers-00092,sonia-myers,Maternity Leave,2024-11-27,2024-12-06,10,request_created,PENDING,2025-11-17T12:53:54.299533,
sonia-myers-00092,sonia-myers,Maternity Leave,2024-11-27,2024-12-06,10,request_approved,APPROVED,2025-11-17T12:53:54.299533,2025-11-17T12:53:54.299535
william-mercado-00093,william-mercado,Sick Leave,2024-12-12,2024-12-12,1,request_created,PENDING,2025-11-17T12:53:54.299562,
william-mercado-00093,william-mercado,Sick Leave,2024-12-12,2024-12-12,1,request_approved,APPROVED,2025-11-17T12:53:54.299562,2025-11-17T12:53:54.299563
charles-harris-00094,charles-harris,Maternity Leave,2024-05-01,2024-05-02,2,request_created,PENDING,2025-11-17T12:53:54.299591,
charles-harris-00094,charles-harris,Maternity Leave,2024-05-01,2024-05-02,2,request_approved,APPROVED,2025-11-17T12:53:54.299591,2025-11-17T12:53:54.299592
jessica-smith-00095,jessica-smith,Casual Leave,2024-05-27,2024-05-27,1,request_created,PENDING,2025-11-17T12:53:54.299621,
jessica-smith-00095,jessica-smith,Casual Leave,2024-05-27,2024-05-27,1,request_approved,APPROVED,2025-11-17T12:53:54.299621,2025-11-17T12:53:54.299623
andrew-jones-00096,andrew-jones,Earned Leave,2024-11-16,2024-11-19,4,request_created,PENDING,2025-11-17T12:53:54.299651,
andrew-jones-00096,andrew-jones,Earned Leave,2024-11-16,2024-11-19,4,request_approved,APPROVED,2025-11-17T12:53:54.299651,2025-11-17T12:53:54.299653
sandra-lara-00097,sandra-lara,Casual Leave,2024-10-12,2024-10-14,3,request_created,PENDING,2025-11-17T12:53:54.299686,
sandra-lara-00097,sandra-lara,Casual Leave,2024-10-12,2024-10-14,3,request_approved,APPROVED,2025-11-17T12:53:54.299686,2025-11-17T12:53:54.299687
samantha-fowler-00098,samantha-fowler,Maternity Leave,2024-10-12,2024-10-14,3,request_created,PENDING,2025-11-17T12:53:54.299715,
samantha-fowler-00098,samantha-fowler,Maternity Leave,2024-10-12,2024-10-14,3,request_approved,APPROVED,2025-11-17T12:53:54.299715,2025-11-17T12:53:54.299716
michael-edwards-00099,michael-edwards,Earned Leave,2024-05-14,2024-05-17,4,request_created,PENDING,2025-11-17T12:53:54.299744,
michael-edwards-00099,michael-edwards,Earned Leave,2024-05-14,2024-05-17,4,request_approved,APPROVED,2025-11-17T12:53:54.299744,2025-11-17T12:53:54.299745
michael-dorsey-00100,michael-dorsey,Earned Leave,2024-06-26,2024-06-30,5,request_created,PENDING,2025-11-17T12:53:54.299773,
michael-dorsey-00100,michael-dorsey,Earned Leave,2024-06-26,2024-06-30,5,request_approved,APPROVED,2025-11-17T12:53:54.299773,2025-11-17T12:53:54.299776
kimberly-sanford-00101,kimberly-sanford,Sick Leave,2023-12-25,2023-12-26,2,request_created,PENDING,2025-11-17T12:53:54.299803,
kimberly-sanford-00101,kimberly-sanford,Sick Leave,2023-12-25,2023-12-26,2,request_approved,APPROVED,2025-11-17T12:53:54.299803,2025-11-17T12:53:54.299805
dustin-hensley-00102,dustin-hensley,Paternity Leave,2024-11-27,2024-12-02,6,request_created,PENDING,2025-11-17T12:53:54.299832,
dustin-hensley-00102,dustin-hensley,Paternity Leave,2024-11-27,2024-12-02,6,request_approved,APPROVED,2025-11-17T12:53:54.299832,2025-11-17T12:53:54.299834
andrew-smith-00103,andrew-smith,Maternity Leave,2024-01-10,2024-01-10,1,request_created,PENDING,2025-11-17T12:53:54.299861,
andrew-smith-00103,andrew-smith,Maternity Leave,2024-01-10,2024-01-10,1,request_approved,APPROVED,2025-11-17T12:53:54.299861,2025-11-17T12:53:54.299862
jeffrey-sherman-00104,jeffrey-sherman,Earned Leave,2024-01-15,2024-01-18,4,request_created,PENDING,2025-11-17T12:53:54.299895,
jeffrey-sherman-00104,jeffrey-sherman,Earned Leave,2024-01-15,2024-01-18,4,request_approved,APPROVED,2025-11-17T12:53:54.299895,2025-11-17T12:53:54.299896
joel-chandler-00105,joel-chandler,Paternity Leave,2024-07-13,2024-07-15,3,request_created,PENDING,2025-11-17T12:53:54.299925,
joel-chandler-00105,joel-chandler,Paternity Leave,2024-07-13,2024-07-15,3,request_approved,APPROVED,2025-11-17T12:53:54.299925,2025-11-17T12:53:54.299927
carlos-moore-00106,carlos-moore,Casual Leave,2024-12-11,2024-12-15,5,request_created,PENDING,2025-11-17T12:53:54.299956,
carlos-moore-00106,carlos-moore,Casual Leave,2024-12-11,2024-12-15,5,request_approved,APPROVED,2025-11-17T12:53:54.299956,2025-11-17T12:53:54.299958
ivan-robertson-00107,ivan-robertson,Earned Leave,2024-10-06,2024-10-06,1,request_created,PENDING,2025-11-17T12:53:54.299985,
ivan-robertson-00107,ivan-robertson,Earned Leave,2024-10-06,2024-10-06,1,request_approved,APPROVED,2025-11-17T12:53:54.299985,2025-11-17T12:53:54.299987
donna-bowers-00108,donna-bowers,Sick Leave,2024-06-22,2024-06-28,7,request_created,PENDING,2025-11-17T12:53:54.300017,
donna-bowers-00108,donna-bowers,Sick Leave,2024-06-22,2024-06-28,7,request_approved,APPROVED,2025-11-17T12:53:54.300017,2025-11-17T12:53:54.300018
whitney-smith-00109,whitney-smith,Earned Leave,2024-01-04,2024-01-10,7,request_created,PENDING,2025-11-17T12:53:54.300049,
whitney-smith-00109,whitney-smith,Earned Leave,2024-01-04,2024-01-10,7,request_approved,APPROVED,2025-11-17T12:53:54.300049,2025-11-17T12:53:54.300050
nathan-palmer-00110,nathan-palmer,Paternity Leave,2024-09-10,2024-09-12,3,request_created,PENDING,2025-11-17T12:53:54.300081,
nathan-palmer-00110,nathan-palmer,Paternity Leave,2024-09-10,2024-09-12,3,request_approved,APPROVED,2025-11-17T12:53:54.300081,2025-11-17T12:53:54.300082
danielle-watkins-00111,danielle-watkins,Earned Leave,2024-11-27,2024-12-04,8,request_created,PENDING,2025-11-17T12:53:54.300112,
danielle-watkins-00111,danielle-watkins,Earned Leave,2024-11-27,2024-12-04,8,request_approved,APPROVED,2025-11-17T12:53:54.300112,2025-11-17T12:53:54.300114
christopher-frank-00112,christopher-frank,Sick Leave,2024-02-12,2024-02-15,4,request_created,PENDING,2025-11-17T12:53:54.300148,
christopher-frank-00112,christopher-frank,Sick Leave,2024-02-12,2024-02-15,4,request_approved,APPROVED,2025-11-17T12:53:54.300148,2025-11-17T12:53:54.300150
william-ward-00113,william-ward,Casual Leave,2024-09-29,2024-10-05,7,request_created,PENDING,2025-11-17T12:53:54.300181,
william-ward-00113,william-ward,Casual Leave,2024-09-29,2024-10-05,7,request_approved,APPROVED,2025-11-17T12:53:54.300181,2025-11-17T12:53:54.300183
ryan-davis-00114,ryan-davis,Earned Leave,2024-04-18,2024-04-25,8,request_created,PENDING,2025-11-17T12:53:54.300214,
ryan-davis-00114,ryan-davis,Earned Leave,2024-04-18,2024-04-25,8,request_approved,APPROVED,2025-11-17T12:53:54.300214,2025-11-17T12:53:54.300216
diana-massey-00115,diana-massey,Sick Leave,2023-12-28,2024-01-01,5,request_created,PENDING,2025-11-17T12:53:54.300245,
diana-massey-00115,diana-massey,Sick Leave,2023-12-28,2024-01-01,5,request_approved,APPROVED,2025-11-17T12:53:54.300245,2025-11-17T12:53:54.300247
terry-campbell-00116,terry-campbell,Casual Leave,2024-06-10,2024-06-14,5,request_created,PENDING,2025-11-17T12:53:54.300285,
terry-campbell-00116,terry-campbell,Casual Leave,2024-06-10,2024-06-14,5,request_approved,APPROVED,2025-11-17T12:53:54.300285,2025-11-17T12:53:54.300290
holly-ward-00117,holly-ward,Maternity Leave,2024-02-06,2024-02-11,6,request_created,PENDING,2025-11-17T12:53:54.300322,
holly-ward-00117,holly-ward,Maternity Leave,2024-02-06,2024-02-11,6,request_approved,APPROVED,2025-11-17T12:53:54.300322,2025-11-17T12:53:54.300324
steven-barnes-00118,steven-barnes,Casual Leave,2024-06-08,2024-06-17,10,request_created,PENDING,2025-11-17T12:53:54.300355,
steven-barnes-00118,steven-barnes,Casual Leave,2024-06-08,2024-06-17,10,request_approved,APPROVED,2025-11-17T12:53:54.300355,2025-11-17T12:53:54.300357
sandra-chen-00119,sandra-chen,Maternity Leave,2024-09-19,2024-09-25,7,request_created,PENDING,2025-11-17T12:53:54.300385,
sandra-chen-00119,sandra-chen,Maternity Leave,2024-09-19,2024-09-25,7,request_approved,APPROVED,2025-11-17T12:53:54.300385,2025-11-17T12:53:54.300386
rhonda-mills-00120,rhonda-mills,Casual Leave,2024-05-16,2024-05-19,4,request_created,PENDING,2025-11-17T12:53:54.300416,
rhonda-mills-00120,rhonda-mills,Casual Leave,2024-05-16,2024-05-19,4,request_approved,APPROVED,2025-11-17T12:53:54.300416,2025-11-17T12:53:54.300417
david-richard-00121,david-richard,Paternity Leave,2024-02-29,2024-03-08,9,request_created,PENDING,2025-11-17T12:53:54.300446,
david-richard-00121,david-richard,Paternity Leave,2024-02-29,2024-03-08,9,request_approved,APPROVED,2025-11-17T12:53:54.300446,2025-11-17T12:53:54.300448
linda-reynolds-00122,linda-reynolds,Maternity Leave,2024-03-23,2024-03-26,4,request_created,PENDING,2025-11-17T12:53:54.300476,
linda-reynolds-00122,linda-reynolds,Maternity Leave,2024-03-23,2024-03-26,4,request_approved,APPROVED,2025-11-17T12:53:54.300476,2025-11-17T12:53:54.300478
alan-hamilton-00123,alan-hamilton,Casual Leave,2024-11-12,2024-11-19,8,request_created,PENDING,2025-11-17T12:53:54.300507,
alan-hamilton-00123,alan-hamilton,Casual Leave,2024-11-12,2024-11-19,8,request_approved,APPROVED,2025-11-17T12:53:54.300507,2025-11-17T12:53:54.300508
tammy-morris-00124,tammy-morris,Maternity Leave,2024-10-09,2024-10-12,4,request_created,PENDING,2025-11-17T12:53:54.300537,
tammy-morris-00124,tammy-morris,Maternity Leave,2024-10-09,2024-10-12,4,request_approved,APPROVED,2025-11-17T12:53:54.300537,2025-11-17T12:53:54.300539
suzanne-green-00125,suzanne-green,Earned Leave,2024-10-06,2024-10-08,3,request_created,PENDING,2025-11-17T12:53:54.300567,
suzanne-green-00125,suzanne-green,Earned Leave,2024-10-06,2024-10-08,3,request_approved,APPROVED,2025-11-17T12:53:54.300567,2025-11-17T12:53:54.300569
michael-anderson-00126,michael-anderson,Sick Leave,2024-05-02,2024-05-06,5,request_created,PENDING,2025-11-17T12:53:54.300597,
michael-anderson-00126,michael-anderson,Sick Leave,2024-05-02,2024-05-06,5,request_approved,APPROVED,2025-11-17T12:53:54.300597,2025-11-17T12:53:54.300599
jeffrey-walsh-00127,jeffrey-walsh,Maternity Leave,2024-07-21,2024-07-21,1,request_created,PENDING,2025-11-17T12:53:54.300626,
jeffrey-walsh-00127,jeffrey-walsh,Maternity Leave,2024-07-21,2024-07-21,1,request_approved,APPROVED,2025-11-17T12:53:54.300626,2025-11-17T12:53:54.300628
lisa-smith-00128,lisa-smith,Paternity Leave,2024-01-01,2024-01-03,3,request_created,PENDING,2025-11-17T12:53:54.300658,
lisa-smith-00128,lisa-smith,Paternity Leave,2024-01-01,2024-01-03,3,request_approved,APPROVED,2025-11-17T12:53:54.300658,2025-11-17T12:53:54.300659
kenneth-williamson-00129,kenneth-williamson,Casual Leave,2024-11-16,2024-11-18,3,request_created,PENDING,2025-11-17T12:53:54.300687,
kenneth-williamson-00129,kenneth-williamson,Casual Leave,2024-11-16,2024-11-18,3,request_approved,APPROVED,2025-11-17T12:53:54.300687,2025-11-17T12:53:54.300689
kimberly-perez-00130,kimberly-perez,Maternity Leave,2024-04-16,2024-04-19,4,request_created,PENDING,2025-11-17T12:53:54.300717,
kimberly-perez-00130,kimberly-perez,Maternity Leave,2024-04-16,2024-04-19,4,request_approved,APPROVED,2025-11-17T12:53:54.300717,2025-11-17T12:53:54.300718
james-byrd-00131,james-byrd,Paternity Leave,2024-10-27,2024-11-02,7,request_created,PENDING,2025-11-17T12:53:54.300746,
james-byrd-00131,james-byrd,Paternity Leave,2024-10-27,2024-11-02,7,request_approved,APPROVED,2025-11-17T12:53:54.300746,2025-11-17T12:53:54.300748
tracy-serrano-00132,tracy-serrano,Sick Leave,2024-09-06,2024-09-09,4,request_created,PENDING,2025-11-17T12:53:54.300775,
tracy-serrano-00132,tracy-serrano,Sick Leave,2024-09-06,2024-09-09,4,request_approved,APPROVED,2025-11-17T12:53:54.300775,2025-11-17T12:53:54.300777
marcus-jackson-00133,marcus-jackson,Maternity Leave,2024-05-04,2024-05-07,4,request_created,PENDING,2025-11-17T12:53:54.300804,
marcus-jackson-00133,marcus-jackson,Maternity Leave,2024-05-04,2024-05-07,4,request_approved,APPROVED,2025-11-17T12:53:54.300804,2025-11-17T12:53:54.300806
jasmine-burns-00134,jasmine-burns,Casual Leave,2024-08-28,2024-09-01,5,request_created,PENDING,2025-11-17T12:53:54.300833,
jasmine-burns-00134,jasmine-burns,Casual Leave,2024-08-28,2024-09-01,5,request_approved,APPROVED,2025-11-17T12:53:54.300833,2025-11-17T12:53:54.300835
daniel-reed-00135,daniel-reed,Sick Leave,2024-10-24,2024-10-24,1,request_created,PENDING,2025-11-17T12:53:54.300862,
daniel-reed-00135,daniel-reed,Sick Leave,2024-10-24,2024-10-24,1,request_approved,APPROVED,2025-11-17T12:53:54.300862,2025-11-17T12:53:54.300864
melissa-coleman-00136,melissa-coleman,Casual Leave,2024-07-04,2024-07-11,8,request_created,PENDING,2025-11-17T12:53:54.300891,
melissa-coleman-00136,melissa-coleman,Casual Leave,2024-07-04,2024-07-11,8,request_approved,APPROVED,2025-11-17T12:53:54.300891,2025-11-17T12:53:54.300893
amanda-mcdonald-00137,amanda-mcdonald,Maternity Leave,2024-05-01,2024-05-08,8,request_created,PENDING,2025-11-17T12:53:54.300921,
amanda-mcdonald-00137,amanda-mcdonald,Maternity Leave,2024-05-01,2024-05-08,8,request_approved,APPROVED,2025-11-17T12:53:54.300921,2025-11-17T12:53:54.300923
jessica-glover-00138,jessica-glover,Casual Leave,2024-07-19,2024-07-21,3,request_created,PENDING,2025-11-17T12:53:54.300950,
jessica-glover-00138,jessica-glover,Casual Leave,2024-07-19,2024-07-21,3,request_approved,APPROVED,2025-11-17T12:53:54.300950,2025-11-17T12:53:54.300951
andrew-cole-00139,andrew-cole,Sick Leave,2024-09-07,2024-09-09,3,request_created,PENDING,2025-11-17T12:53:54.300979,
andrew-cole-00139,andrew-cole,Sick Leave,2024-09-07,2024-09-09,3,request_approved,APPROVED,2025-11-17T12:53:54.300979,2025-11-17T12:53:54.300980
patricia-banks-00140,patricia-banks,Maternity Leave,2024-12-08,2024-12-10,3,request_created,PENDING,2025-11-17T12:53:54.301007,
patricia-banks-00140,patricia-banks,Maternity Leave,2024-12-08,2024-12-10,3,request_approved,APPROVED,2025-11-17T12:53:54.301007,2025-11-17T12:53:54.301009
joshua-phillips-00141,joshua-phillips,Casual Leave,2024-08-13,2024-08-17,5,request_created,PENDING,2025-11-17T12:53:54.301036,
joshua-phillips-00141,joshua-phillips,Casual Leave,2024-08-13,2024-08-17,5,request_approved,APPROVED,2025-11-17T12:53:54.301036,2025-11-17T12:53:54.301037
charles-sanchez-00142,charles-sanchez,Maternity Leave,2024-10-05,2024-10-08,4,request_created,PENDING,2025-11-17T12:53:54.301064,
charles-sanchez-00142,charles-sanchez,Maternity Leave,2024-10-05,2024-10-08,4,request_approved,APPROVED,2025-11-17T12:53:54.301064,2025-11-17T12:53:54.301066
melissa-bentley-00143,melissa-bentley,Earned Leave,2024-08-09,2024-08-18,10,request_created,PENDING,2025-11-17T12:53:54.301097,
melissa-bentley-00143,melissa-bentley,Earned Leave,2024-08-09,2024-08-18,10,request_approved,APPROVED,2025-11-17T12:53:54.301097,2025-11-17T12:53:54.301098
bethany-thompson-00144,bethany-thompson,Casual Leave,2024-08-04,2024-08-13,10,request_created,PENDING,2025-11-17T12:53:54.301126,
bethany-thompson-00144,bethany-thompson,Casual Leave,2024-08-04,2024-08-13,10,request_approved,APPROVED,2025-11-17T12:53:54.301126,2025-11-17T12:53:54.301127
beth-taylor-00145,beth-taylor,Casual Leave,2024-01-15,2024-01-18,4,request_created,PENDING,2025-11-17T12:53:54.301155,
beth-taylor-00145,beth-taylor,Casual Leave,2024-01-15,2024-01-18,4,request_approved,APPROVED,2025-11-17T12:53:54.301155,2025-11-17T12:53:54.301156
julia-contreras-00146,julia-contreras,Sick Leave,2024-07-07,2024-07-14,8,request_created,PENDING,2025-11-17T12:53:54.301184,
julia-contreras-00146,julia-contreras,Sick Leave,2024-07-07,2024-07-14,8,request_approved,APPROVED,2025-11-17T12:53:54.301184,2025-11-17T12:53:54.301185
elizabeth-espinoza-00147,elizabeth-espinoza,Casual Leave,2024-07-16,2024-07-18,3,request_created,PENDING,2025-11-17T12:53:54.301214,
elizabeth-espinoza-00147,elizabeth-espinoza,Casual Leave,2024-07-16,2024-07-18,3,request_approved,APPROVED,2025-11-17T12:53:54.301214,2025-11-17T12:53:54.301215
renee-coleman-00148,renee-coleman,Earned Leave,2024-03-17,2024-03-17,1,request_created,PENDING,2025-11-17T12:53:54.301243,
renee-coleman-00148,renee-coleman,Earned Leave,2024-03-17,2024-03-17,1,request_approved,APPROVED,2025-11-17T12:53:54.301243,2025-11-17T12:53:54.301244
joel-walker-00149,joel-walker,Casual Leave,2024-08-24,2024-08-26,3,request_created,PENDING,2025-11-17T12:53:54.301272,
joel-walker-00149,joel-walker,Casual Leave,2024-08-24,2024-08-26,3,request_approved,APPROVED,2025-11-17T12:53:54.301272,2025-11-17T12:53:54.301273
daniel-sanchez-00150,daniel-sanchez,Sick Leave,2024-04-29,2024-04-30,2,request_created,PENDING,2025-11-17T12:53:54.301300,
daniel-sanchez-00150,daniel-sanchez,Sick Leave,2024-04-29,2024-04-30,2,request_approved,APPROVED,2025-11-17T12:53:54.301300,2025-11-17T12:53:54.301302
david-gonzalez-00151,david-gonzalez,Sick Leave,2024-04-23,2024-05-01,9,request_created,PENDING,2025-11-17T12:53:54.301329,
david-gonzalez-00151,david-gonzalez,Sick Leave,2024-04-23,2024-05-01,9,request_approved,APPROVED,2025-11-17T12:53:54.301329,2025-11-17T12:53:54.301331
james-sanchez-00152,james-sanchez,Sick Leave,2024-09-29,2024-10-05,7,request_created,PENDING,2025-11-17T12:53:54.301359,
james-sanchez-00152,james-sanchez,Sick Leave,2024-09-29,2024-10-05,7,request_approved,APPROVED,2025-11-17T12:53:54.301359,2025-11-17T12:53:54.301360
elizabeth-hebert-00153,elizabeth-hebert,Paternity Leave,2024-01-19,2024-01-21,3,request_created,PENDING,2025-11-17T12:53:54.301389,
elizabeth-hebert-00153,elizabeth-hebert,Paternity Leave,2024-01-19,2024-01-21,3,request_approved,APPROVED,2025-11-17T12:53:54.301389,2025-11-17T12:53:54.301391
whitney-davis-00154,whitney-davis,Earned Leave,2024-08-04,2024-08-05,2,request_created,PENDING,2025-11-17T12:53:54.301418,
whitney-davis-00154,whitney-davis,Earned Leave,2024-08-04,2024-08-05,2,request_approved,APPROVED,2025-11-17T12:53:54.301418,2025-11-17T12:53:54.301421
kelly-adkins-00155,kelly-adkins,Paternity Leave,2024-07-16,2024-07-18,3,request_created,PENDING,2025-11-17T12:53:54.301449,
kelly-adkins-00155,kelly-adkins,Paternity Leave,2024-07-16,2024-07-18,3,request_approved,APPROVED,2025-11-17T12:53:54.301449,2025-11-17T12:53:54.301450
jessica-thomas-00156,jessica-thomas,Paternity Leave,2024-02-24,2024-02-25,2,request_created,PENDING,2025-11-17T12:53:54.301478,
jessica-thomas-00156,jessica-thomas,Paternity Leave,2024-02-24,2024-02-25,2,request_approved,APPROVED,2025-11-17T12:53:54.301478,2025-11-17T12:53:54.301479
olivia-lopez-00157,olivia-lopez,Earned Leave,2024-10-21,2024-10-29,9,request_created,PENDING,2025-11-17T12:53:54.301507,
olivia-lopez-00157,olivia-lopez,Earned Leave,2024-10-21,2024-10-29,9,request_approved,APPROVED,2025-11-17T12:53:54.301507,2025-11-17T12:53:54.301508
robin-stephens-00158,robin-stephens,Maternity Leave,2024-07-20,2024-07-26,7,request_created,PENDING,2025-11-17T12:53:54.301535,
robin-stephens-00158,robin-stephens,Maternity Leave,2024-07-20,2024-07-26,7,request_approved,APPROVED,2025-11-17T12:53:54.301535,2025-11-17T12:53:54.301537
meghan-mills-00159,meghan-mills,Casual Leave,2024-03-22,2024-03-22,1,request_created,PENDING,2025-11-17T12:53:54.301564,
meghan-mills-00159,meghan-mills,Casual Leave,2024-03-22,2024-03-22,1,request_approved,APPROVED,2025-11-17T12:53:54.301564,2025-11-17T12:53:54.301566
joshua-nelson-00160,joshua-nelson,Maternity Leave,2024-07-14,2024-07-16,3,request_created,PENDING,2025-11-17T12:53:54.301593,
joshua-nelson-00160,joshua-nelson,Maternity Leave,2024-07-14,2024-07-16,3,request_approved,APPROVED,2025-11-17T12:53:54.301593,2025-11-17T12:53:54.301594
richard-mcfarland-00161,richard-mcfarland,Casual Leave,2024-11-30,2024-12-07,8,request_created,PENDING,2025-11-17T12:53:54.301626,
richard-mcfarland-00161,richard-mcfarland,Casual Leave,2024-11-30,2024-12-07,8,request_approved,APPROVED,2025-11-17T12:53:54.301626,2025-11-17T12:53:54.301628
paula-marsh-00162,paula-marsh,Sick Leave,2024-04-04,2024-04-12,9,request_created,PENDING,2025-11-17T12:53:54.301656,
paula-marsh-00162,paula-marsh,Sick Leave,2024-04-04,2024-04-12,9,request_approved,APPROVED,2025-11-17T12:53:54.301656,2025-11-17T12:53:54.301657
kimberly-alexander-00163,kimberly-alexander,Earned Leave,2024-04-21,2024-04-23,3,request_created,PENDING,2025-11-17T12:53:54.301687,
kimberly-alexander-00163,kimberly-alexander,Earned Leave,2024-04-21,2024-04-23,3,request_approved,APPROVED,2025-11-17T12:53:54.301687,2025-11-17T12:53:54.301689
michelle-lowe-00164,michelle-lowe,Earned Leave,2024-06-20,2024-06-27,8,request_created,PENDING,2025-11-17T12:53:54.301718,
michelle-lowe-00164,michelle-lowe,Earned Leave,2024-06-20,2024-06-27,8,request_approved,APPROVED,2025-11-17T12:53:54.301718,2025-11-17T12:53:54.301720
gerald-hoffman-00165,gerald-hoffman,Casual Leave,2024-04-01,2024-04-10,10,request_created,PENDING,2025-11-17T12:53:54.301747,
gerald-hoffman-00165,gerald-hoffman,Casual Leave,2024-04-01,2024-04-10,10,request_approved,APPROVED,2025-11-17T12:53:54.301747,2025-11-17T12:53:54.301748
luis-watson-00166,luis-watson,Casual Leave,2024-10-23,2024-10-24,2,request_created,PENDING,2025-11-17T12:53:54.301776,
luis-watson-00166,luis-watson,Casual Leave,2024-10-23,2024-10-24,2,request_approved,APPROVED,2025-11-17T12:53:54.301776,2025-11-17T12:53:54.301777
marissa-richards-00167,marissa-richards,Sick Leave,2024-11-19,2024-11-21,3,request_created,PENDING,2025-11-17T12:53:54.301804,
marissa-richards-00167,marissa-richards,Sick Leave,2024-11-19,2024-11-21,3,request_approved,APPROVED,2025-11-17T12:53:54.301804,2025-11-17T12:53:54.301806
tracey-chase-00168,tracey-chase,Paternity Leave,2024-07-13,2024-07-21,9,request_created,PENDING,2025-11-17T12:53:54.301834,
tracey-chase-00168,tracey-chase,Paternity Leave,2024-07-13,2024-07-21,9,request_approved,APPROVED,2025-11-17T12:53:54.301834,2025-11-17T12:53:54.301836
paul-davis-00169,paul-davis,Earned Leave,2024-01-30,2024-02-01,3,request_created,PENDING,2025-11-17T12:53:54.301863,
paul-davis-00169,paul-davis,Earned Leave,2024-01-30,2024-02-01,3,request_approved,APPROVED,2025-11-17T12:53:54.301863,2025-11-17T12:53:54.301865
angel-goodman-00170,angel-goodman,Sick Leave,2024-09-29,2024-10-08,10,request_created,PENDING,2025-11-17T12:53:54.301891,
angel-goodman-00170,angel-goodman,Sick Leave,2024-09-29,2024-10-08,10,request_approved,APPROVED,2025-11-17T12:53:54.301891,2025-11-17T12:53:54.301893
carolyn-adams-00171,carolyn-adams,Casual Leave,2024-02-05,2024-02-09,5,request_created,PENDING,2025-11-17T12:53:54.301919,
carolyn-adams-00171,carolyn-adams,Casual Leave,2024-02-05,2024-02-09,5,request_approved,APPROVED,2025-11-17T12:53:54.301919,2025-11-17T12:53:54.301921
leroy-berry-00172,leroy-berry,Sick Leave,2024-02-02,2024-02-11,10,request_created,PENDING,2025-11-17T12:53:54.301948,
leroy-berry-00172,leroy-berry,Sick Leave,2024-02-02,2024-02-11,10,request_approved,APPROVED,2025-11-17T12:53:54.301948,2025-11-17T12:53:54.301950
douglas-barber-00173,douglas-barber,Earned Leave,2024-04-09,2024-04-11,3,request_created,PENDING,2025-11-17T12:53:54.301977,
douglas-barber-00173,douglas-barber,Earned Leave,2024-04-09,2024-04-11,3,request_approved,APPROVED,2025-11-17T12:53:54.301977,2025-11-17T12:53:54.301978
charles-buchanan-00174,charles-buchanan,Maternity Leave,2024-07-12,2024-07-16,5,request_created,PENDING,2025-11-17T12:53:54.302008,
charles-buchanan-00174,charles-buchanan,Maternity Leave,2024-07-12,2024-07-16,5,request_approved,APPROVED,2025-11-17T12:53:54.302008,2025-11-17T12:53:54.302009
angela-morris-00175,angela-morris,Casual Leave,2023-12-19,2023-12-19,1,request_created,PENDING,2025-11-17T12:53:54.302037,
angela-morris-00175,angela-morris,Casual Leave,2023-12-19,2023-12-19,1,request_approved,APPROVED,2025-11-17T12:53:54.302037,2025-11-17T12:53:54.302038
mrs-carla-griffith-00176,mrs-carla-griffith,Casual Leave,2024-08-16,2024-08-18,3,request_created,PENDING,2025-11-17T12:53:54.302073,
mrs-carla-griffith-00176,mrs-carla-griffith,Casual Leave,2024-08-16,2024-08-18,3,request_approved,APPROVED,2025-11-17T12:53:54.302073,2025-11-17T12:53:54.302076
theresa-garcia-00177,theresa-garcia,Paternity Leave,2024-02-26,2024-02-28,3,request_created,PENDING,2025-11-17T12:53:54.302105,
theresa-garcia-00177,theresa-garcia,Paternity Leave,2024-02-26,2024-02-28,3,request_approved,APPROVED,2025-11-17T12:53:54.302105,2025-11-17T12:53:54.302107
cynthia-thompson-00178,cynthia-thompson,Earned Leave,2024-01-18,2024-01-26,9,request_created,PENDING,2025-11-17T12:53:54.302135,
cynthia-thompson-00178,cynthia-thompson,Earned Leave,2024-01-18,2024-01-26,9,request_approved,APPROVED,2025-11-17T12:53:54.302135,2025-11-17T12:53:54.302137
sherri-gordon-00179,sherri-gordon,Casual Leave,2024-07-30,2024-08-01,3,request_created,PENDING,2025-11-17T12:53:54.302164,
sherri-gordon-00179,sherri-gordon,Casual Leave,2024-07-30,2024-08-01,3,request_approved,APPROVED,2025-11-17T12:53:54.302164,2025-11-17T12:53:54.302166
kim-ross-00180,kim-ross,Casual Leave,2024-12-04,2024-12-11,8,request_created,PENDING,2025-11-17T12:53:54.302193,
kim-ross-00180,kim-ross,Casual Leave,2024-12-04,2024-12-11,8,request_approved,APPROVED,2025-11-17T12:53:54.302193,2025-11-17T12:53:54.302195
kristina-porter-00181,kristina-porter,Paternity Leave,2024-10-24,2024-10-30,7,request_created,PENDING,2025-11-17T12:53:54.302222,
kristina-porter-00181,kristina-porter,Paternity Leave,2024-10-24,2024-10-30,7,request_approved,APPROVED,2025-11-17T12:53:54.302222,2025-11-17T12:53:54.302224
carly-wilson-00182,carly-wilson,Maternity Leave,2024-06-07,2024-06-08,2,request_created,PENDING,2025-11-17T12:53:54.302251,
carly-wilson-00182,carly-wilson,Maternity Leave,2024-06-07,2024-06-08,2,request_approved,APPROVED,2025-11-17T12:53:54.302251,2025-11-17T12:53:54.302253
brooke-hudson-00183,brooke-hudson,Casual Leave,2024-11-22,2024-11-24,3,request_created,PENDING,2025-11-17T12:53:54.302285,
brooke-hudson-00183,brooke-hudson,Casual Leave,2024-11-22,2024-11-24,3,request_approved,APPROVED,2025-11-17T12:53:54.302285,2025-11-17T12:53:54.302287
sara-proctor-00184,sara-proctor,Earned Leave,2024-06-07,2024-06-07,1,request_created,PENDING,2025-11-17T12:53:54.302315,
sara-proctor-00184,sara-proctor,Earned Leave,2024-06-07,2024-06-07,1,request_approved,APPROVED,2025-11-17T12:53:54.302315,2025-11-17T12:53:54.302316
mrs-catherine-dodson-00185,mrs-catherine-dodson,Paternity Leave,2024-10-17,2024-10-23,7,request_created,PENDING,2025-11-17T12:53:54.302343,
mrs-catherine-dodson-00185,mrs-catherine-dodson,Paternity Leave,2024-10-17,2024-10-23,7,request_approved,APPROVED,2025-11-17T12:53:54.302343,2025-11-17T12:53:54.302345
amber-snyder-00186,amber-snyder,Sick Leave,2024-03-31,2024-04-01,2,request_created,PENDING,2025-11-17T12:53:54.302377,
amber-snyder-00186,amber-snyder,Sick Leave,2024-03-31,2024-04-01,2,request_approved,APPROVED,2025-11-17T12:53:54.302377,2025-11-17T12:53:54.302378
michael-adkins-00187,michael-adkins,Paternity Leave,2024-01-04,2024-01-04,1,request_created,PENDING,2025-11-17T12:53:54.302406,
michael-adkins-00187,michael-adkins,Paternity Leave,2024-01-04,2024-01-04,1,request_approved,APPROVED,2025-11-17T12:53:54.302406,2025-11-17T12:53:54.302408
kimberly-maxwell-00188,kimberly-maxwell,Earned Leave,2024-03-17,2024-03-21,5,request_created,PENDING,2025-11-17T12:53:54.302438,
kimberly-maxwell-00188,kimberly-maxwell,Earned Leave,2024-03-17,2024-03-21,5,request_approved,APPROVED,2025-11-17T12:53:54.302438,2025-11-17T12:53:54.302440
doris-haney-00189,doris-haney,Earned Leave,2024-09-01,2024-09-02,2,request_created,PENDING,2025-11-17T12:53:54.302468,
doris-haney-00189,doris-haney,Earned Leave,2024-09-01,2024-09-02,2,request_approved,APPROVED,2025-11-17T12:53:54.302468,2025-11-17T12:53:54.302470
jeffrey-garrett-00190,jeffrey-garrett,Paternity Leave,2024-06-16,2024-06-20,5,request_created,PENDING,2025-11-17T12:53:54.302497,
jeffrey-garrett-00190,jeffrey-garrett,Paternity Leave,2024-06-16,2024-06-20,5,request_approved,APPROVED,2025-11-17T12:53:54.302497,2025-11-17T12:53:54.302498
erin-sellers-00191,erin-sellers,Paternity Leave,2024-05-08,2024-05-08,1,request_created,PENDING,2025-11-17T12:53:54.302526,
erin-sellers-00191,erin-sellers,Paternity Leave,2024-05-08,2024-05-08,1,request_approved,APPROVED,2025-11-17T12:53:54.302526,2025-11-17T12:53:54.302527
donna-thompson-00192,donna-thompson,Casual Leave,2024-09-08,2024-09-13,6,request_created,PENDING,2025-11-17T12:53:54.302555,
donna-thompson-00192,donna-thompson,Casual Leave,2024-09-08,2024-09-13,6,request_approved,APPROVED,2025-11-17T12:53:54.302555,2025-11-17T12:53:54.302557
mark-boyd-00193,mark-boyd,Sick Leave,2024-08-21,2024-08-23,3,request_created,PENDING,2025-11-17T12:53:54.302585,
mark-boyd-00193,mark-boyd,Sick Leave,2024-08-21,2024-08-23,3,request_approved,APPROVED,2025-11-17T12:53:54.302585,2025-11-17T12:53:54.302586
janice-johnson-00194,janice-johnson,Sick Leave,2024-09-11,2024-09-20,10,request_created,PENDING,2025-11-17T12:53:54.302613,
janice-johnson-00194,janice-johnson,Sick Leave,2024-09-11,2024-09-20,10,request_approved,APPROVED,2025-11-17T12:53:54.302613,2025-11-17T12:53:54.302615
kelly-adams-00195,kelly-adams,Sick Leave,2024-10-09,2024-10-16,8,request_created,PENDING,2025-11-17T12:53:54.302643,
kelly-adams-00195,kelly-adams,Sick Leave,2024-10-09,2024-10-16,8,request_approved,APPROVED,2025-11-17T12:53:54.302643,2025-11-17T12:53:54.302646
leslie-barajas-00196,leslie-barajas,Casual Leave,2024-03-16,2024-03-24,9,request_created,PENDING,2025-11-17T12:53:54.302674,
leslie-barajas-00196,leslie-barajas,Casual Leave,2024-03-16,2024-03-24,9,request_approved,APPROVED,2025-11-17T12:53:54.302674,2025-11-17T12:53:54.302675
timothy-carter-00197,timothy-carter,Earned Leave,2024-03-05,2024-03-07,3,request_created,PENDING,2025-11-17T12:53:54.302703,
timothy-carter-00197,timothy-carter,Earned Leave,2024-03-05,2024-03-07,3,request_approved,APPROVED,2025-11-17T12:53:54.302703,2025-11-17T12:53:54.302704
raymond-fernandez-00198,raymond-fernandez,Earned Leave,2024-12-15,2024-12-18,4,request_created,PENDING,2025-11-17T12:53:54.302732,
raymond-fernandez-00198,raymond-fernandez,Earned Leave,2024-12-15,2024-12-18,4,request_approved,APPROVED,2025-11-17T12:53:54.302732,2025-11-17T12:53:54.302734
sean-smith-00199,sean-smith,Sick Leave,2024-07-01,2024-07-06,6,request_created,PENDING,2025-11-17T12:53:54.302761,
sean-smith-00199,sean-smith,Sick Leave,2024-07-01,2024-07-06,6,request_approved,APPROVED,2025-11-17T12:53:54.302761,2025-11-17T12:53:54.302763
jeffery-jones-00200,jeffery-jones,Casual Leave,2024-01-14,2024-01-16,3,request_created,PENDING,2025-11-17T12:53:54.302792,
jeffery-jones-00200,jeffery-jones,Casual Leave,2024-01-14,2024-01-16,3,request_approved,APPROVED,2025-11-17T12:53:54.302792,2025-11-17T12:53:54.302795
brett-knox-00201,brett-knox,Paternity Leave,2024-04-17,2024-04-24,8,request_created,PENDING,2025-11-17T12:53:54.302822,
brett-knox-00201,brett-knox,Paternity Leave,2024-04-17,2024-04-24,8,request_approved,APPROVED,2025-11-17T12:53:54.302822,2025-11-17T12:53:54.302824
miranda-weaver-00202,miranda-weaver,Paternity Leave,2023-12-22,2023-12-30,9,request_created,PENDING,2025-11-17T12:53:54.302851,
miranda-weaver-00202,miranda-weaver,Paternity Leave,2023-12-22,2023-12-30,9,request_approved,APPROVED,2025-11-17T12:53:54.302851,2025-11-17T12:53:54.302852
erik-morris-00203,erik-morris,Paternity Leave,2024-04-13,2024-04-14,2,request_created,PENDING,2025-11-17T12:53:54.302879,
erik-morris-00203,erik-morris,Paternity Leave,2024-04-13,2024-04-14,2,request_approved,APPROVED,2025-11-17T12:53:54.302879,2025-11-17T12:53:54.302881
nicholas-berry-00204,nicholas-berry,Casual Leave,2024-04-26,2024-04-27,2,request_created,PENDING,2025-11-17T12:53:54.302909,
nicholas-berry-00204,nicholas-berry,Casual Leave,2024-04-26,2024-04-27,2,request_approved,APPROVED,2025-11-17T12:53:54.302909,2025-11-17T12:53:54.302910
jacob-gomez-00205,jacob-gomez,Casual Leave,2024-03-23,2024-04-01,10,request_created,PENDING,2025-11-17T12:53:54.302938,
jacob-gomez-00205,jacob-gomez,Casual Leave,2024-03-23,2024-04-01,10,request_approved,APPROVED,2025-11-17T12:53:54.302938,2025-11-17T12:53:54.302941
lisa-gibson-00206,lisa-gibson,Maternity Leave,2024-06-29,2024-07-02,4,request_created,PENDING,2025-11-17T12:53:54.302969,
lisa-gibson-00206,lisa-gibson,Maternity Leave,2024-06-29,2024-07-02,4,request_approved,APPROVED,2025-11-17T12:53:54.302969,2025-11-17T12:53:54.302970
jacob-townsend-00207,jacob-townsend,Casual Leave,2024-08-14,2024-08-15,2,request_created,PENDING,2025-11-17T12:53:54.302999,
jacob-townsend-00207,jacob-townsend,Casual Leave,2024-08-14,2024-08-15,2,request_approved,APPROVED,2025-11-17T12:53:54.302999,2025-11-17T12:53:54.303000
joseph-hanna-00208,joseph-hanna,Sick Leave,2024-08-28,2024-09-01,5,request_created,PENDING,2025-11-17T12:53:54.303028,
joseph-hanna-00208,joseph-hanna,Sick Leave,2024-08-28,2024-09-01,5,request_approved,APPROVED,2025-11-17T12:53:54.303028,2025-11-17T12:53:54.303029
leah-wagner-00209,leah-wagner,Paternity Leave,2024-09-05,2024-09-12,8,request_created,PENDING,2025-11-17T12:53:54.303056,
leah-wagner-00209,leah-wagner,Paternity Leave,2024-09-05,2024-09-12,8,request_approved,APPROVED,2025-11-17T12:53:54.303056,2025-11-17T12:53:54.303058
john-montgomery-00210,john-montgomery,Earned Leave,2024-09-02,2024-09-11,10,request_created,PENDING,2025-11-17T12:53:54.303085,
john-montgomery-00210,john-montgomery,Earned Leave,2024-09-02,2024-09-11,10,request_approved,APPROVED,2025-11-17T12:53:54.303085,2025-11-17T12:53:54.303086
ashley-humphrey-00211,ashley-humphrey,Earned Leave,2024-02-07,2024-02-10,4,request_created,PENDING,2025-11-17T12:53:54.303113,
ashley-humphrey-00211,ashley-humphrey,Earned Leave,2024-02-07,2024-02-10,4,request_approved,APPROVED,2025-11-17T12:53:54.303113,2025-11-17T12:53:54.303115
jason-carter-00212,jason-carter,Sick Leave,2024-12-06,2024-12-14,9,request_created,PENDING,2025-11-17T12:53:54.303144,
jason-carter-00212,jason-carter,Sick Leave,2024-12-06,2024-12-14,9,request_approved,APPROVED,2025-11-17T12:53:54.303144,2025-11-17T12:53:54.303146
edward-bishop-00213,edward-bishop,Maternity Leave,2024-11-22,2024-11-27,6,request_created,PENDING,2025-11-17T12:53:54.303175,
edward-bishop-00213,edward-bishop,Maternity Leave,2024-11-22,2024-11-27,6,request_approved,APPROVED,2025-11-17T12:53:54.303175,2025-11-17T12:53:54.303176
donna-wells-00214,donna-wells,Earned Leave,2024-11-13,2024-11-17,5,request_created,PENDING,2025-11-17T12:53:54.303204,
donna-wells-00214,donna-wells,Earned Leave,2024-11-13,2024-11-17,5,request_approved,APPROVED,2025-11-17T12:53:54.303204,2025-11-17T12:53:54.303205
michael-merritt-00215,michael-merritt,Paternity Leave,2024-08-31,2024-09-01,2,request_created,PENDING,2025-11-17T12:53:54.303234,
michael-merritt-00215,michael-merritt,Paternity Leave,2024-08-31,2024-09-01,2,request_approved,APPROVED,2025-11-17T12:53:54.303234,2025-11-17T12:53:54.303235
lisa-jones-00216,lisa-jones,Maternity Leave,2024-03-11,2024-03-17,7,request_created,PENDING,2025-11-17T12:53:54.303263,
lisa-jones-00216,lisa-jones,Maternity Leave,2024-03-11,2024-03-17,7,request_approved,APPROVED,2025-11-17T12:53:54.303263,2025-11-17T12:53:54.303264
jimmy-arnold-00217,jimmy-arnold,Sick Leave,2024-07-24,2024-07-28,5,request_created,PENDING,2025-11-17T12:53:54.303291,
jimmy-arnold-00217,jimmy-arnold,Sick Leave,2024-07-24,2024-07-28,5,request_approved,APPROVED,2025-11-17T12:53:54.303291,2025-11-17T12:53:54.303293
mr-erik-meyer-00218,mr-erik-meyer,Paternity Leave,2024-02-26,2024-03-03,7,request_created,PENDING,2025-11-17T12:53:54.303321,
mr-erik-meyer-00218,mr-erik-meyer,Paternity Leave,2024-02-26,2024-03-03,7,request_approved,APPROVED,2025-11-17T12:53:54.303321,2025-11-17T12:53:54.303323
sean-williams-00219,sean-williams,Earned Leave,2024-11-27,2024-11-29,3,request_created,PENDING,2025-11-17T12:53:54.303350,
sean-williams-00219,sean-williams,Earned Leave,2024-11-27,2024-11-29,3,request_approved,APPROVED,2025-11-17T12:53:54.303350,2025-11-17T12:53:54.303351
stacey-obrien-00220,stacey-obrien,Sick Leave,2024-10-30,2024-11-08,10,request_created,PENDING,2025-11-17T12:53:54.303379,
stacey-obrien-00220,stacey-obrien,Sick Leave,2024-10-30,2024-11-08,10,request_approved,APPROVED,2025-11-17T12:53:54.303379,2025-11-17T12:53:54.303380
tonya-murray-00221,tonya-murray,Sick Leave,2024-04-01,2024-04-07,7,request_created,PENDING,2025-11-17T12:53:54.303408,
tonya-murray-00221,tonya-murray,Sick Leave,2024-04-01,2024-04-07,7,request_approved,APPROVED,2025-11-17T12:53:54.303408,2025-11-17T12:53:54.303409
margaret-huber-00222,margaret-huber,Casual Leave,2024-05-21,2024-05-26,6,request_created,PENDING,2025-11-17T12:53:54.303437,
margaret-huber-00222,margaret-huber,Casual Leave,2024-05-21,2024-05-26,6,request_approved,APPROVED,2025-11-17T12:53:54.303437,2025-11-17T12:53:54.303438
vanessa-rogers-00223,vanessa-rogers,Paternity Leave,2024-10-26,2024-11-03,9,request_created,PENDING,2025-11-17T12:53:54.303467,
vanessa-rogers-00223,vanessa-rogers,Paternity Leave,2024-10-26,2024-11-03,9,request_approved,APPROVED,2025-11-17T12:53:54.303467,2025-11-17T12:53:54.303468
tammy-pearson-00224,tammy-pearson,Casual Leave,2024-08-09,2024-08-12,4,request_created,PENDING,2025-11-17T12:53:54.303495,
tammy-pearson-00224,tammy-pearson,Casual Leave,2024-08-09,2024-08-12,4,request_approved,APPROVED,2025-11-17T12:53:54.303495,2025-11-17T12:53:54.303497
shelly-wagner-00225,shelly-wagner,Sick Leave,2024-06-03,2024-06-10,8,request_created,PENDING,2025-11-17T12:53:54.303526,
shelly-wagner-00225,shelly-wagner,Sick Leave,2024-06-03,2024-06-10,8,request_approved,APPROVED,2025-11-17T12:53:54.303526,2025-11-17T12:53:54.303528
heather-martin-00226,heather-martin,Sick Leave,2024-09-21,2024-09-24,4,request_created,PENDING,2025-11-17T12:53:54.303561,
heather-martin-00226,heather-martin,Sick Leave,2024-09-21,2024-09-24,4,request_approved,APPROVED,2025-11-17T12:53:54.303561,2025-11-17T12:53:54.303563
alexandra-pitts-00227,alexandra-pitts,Sick Leave,2024-06-27,2024-07-06,10,request_created,PENDING,2025-11-17T12:53:54.303591,
alexandra-pitts-00227,alexandra-pitts,Sick Leave,2024-06-27,2024-07-06,10,request_approved,APPROVED,2025-11-17T12:53:54.303591,2025-11-17T12:53:54.303592
jared-anderson-00228,jared-anderson,Sick Leave,2024-02-02,2024-02-07,6,request_created,PENDING,2025-11-17T12:53:54.303620,
jared-anderson-00228,jared-anderson,Sick Leave,2024-02-02,2024-02-07,6,request_approved,APPROVED,2025-11-17T12:53:54.303620,2025-11-17T12:53:54.303622
paul-barry-00229,paul-barry,Earned Leave,2024-06-08,2024-06-17,10,request_created,PENDING,2025-11-17T12:53:54.303650,
paul-barry-00229,paul-barry,Earned Leave,2024-06-08,2024-06-17,10,request_approved,APPROVED,2025-11-17T12:53:54.303650,2025-11-17T12:53:54.303651
theresa-barber-md-00230,theresa-barber-md,Paternity Leave,2023-12-24,2023-12-30,7,request_created,PENDING,2025-11-17T12:53:54.303679,
theresa-barber-md-00230,theresa-barber-md,Paternity Leave,2023-12-24,2023-12-30,7,request_approved,APPROVED,2025-11-17T12:53:54.303679,2025-11-17T12:53:54.303680
corey-richmond-00231,corey-richmond,Maternity Leave,2024-07-22,2024-07-26,5,request_created,PENDING,2025-11-17T12:53:54.303707,
corey-richmond-00231,corey-richmond,Maternity Leave,2024-07-22,2024-07-26,5,request_approved,APPROVED,2025-11-17T12:53:54.303707,2025-11-17T12:53:54.303709
donna-walsh-00232,donna-walsh,Maternity Leave,2024-04-02,2024-04-08,7,request_created,PENDING,2025-11-17T12:53:54.303736,
donna-walsh-00232,donna-walsh,Maternity Leave,2024-04-02,2024-04-08,7,request_approved,APPROVED,2025-11-17T12:53:54.303736,2025-11-17T12:53:54.303738
april-fields-00233,april-fields,Paternity Leave,2023-12-23,2023-12-29,7,request_created,PENDING,2025-11-17T12:53:54.303765,
april-fields-00233,april-fields,Paternity Leave,2023-12-23,2023-12-29,7,request_approved,APPROVED,2025-11-17T12:53:54.303765,2025-11-17T12:53:54.303767
todd-vaughn-00234,todd-vaughn,Sick Leave,2024-03-28,2024-04-01,5,request_created,PENDING,2025-11-17T12:53:54.303794,
todd-vaughn-00234,todd-vaughn,Sick Leave,2024-03-28,2024-04-01,5,request_approved,APPROVED,2025-11-17T12:53:54.303794,2025-11-17T12:53:54.303797
james-oliver-00235,james-oliver,Paternity Leave,2024-06-18,2024-06-23,6,request_created,PENDING,2025-11-17T12:53:54.303825,
james-oliver-00235,james-oliver,Paternity Leave,2024-06-18,2024-06-23,6,request_approved,APPROVED,2025-11-17T12:53:54.303825,2025-11-17T12:53:54.303826
joseph-benson-00236,joseph-benson,Paternity Leave,2024-05-04,2024-05-10,7,request_created,PENDING,2025-11-17T12:53:54.303854,
joseph-benson-00236,joseph-benson,Paternity Leave,2024-05-04,2024-05-10,7,request_approved,APPROVED,2025-11-17T12:53:54.303854,2025-11-17T12:53:54.303855
paul-wade-00237,paul-wade,Paternity Leave,2024-06-03,2024-06-07,5,request_created,PENDING,2025-11-17T12:53:54.303884,
paul-wade-00237,paul-wade,Paternity Leave,2024-06-03,2024-06-07,5,request_approved,APPROVED,2025-11-17T12:53:54.303884,2025-11-17T12:53:54.303886
anthony-walker-00238,anthony-walker,Casual Leave,2024-01-26,2024-01-28,3,request_created,PENDING,2025-11-17T12:53:54.303914,
anthony-walker-00238,anthony-walker,Casual Leave,2024-01-26,2024-01-28,3,request_approved,APPROVED,2025-11-17T12:53:54.303914,2025-11-17T12:53:54.303915
john-francis-00239,john-francis,Sick Leave,2024-02-27,2024-03-05,8,request_created,PENDING,2025-11-17T12:53:54.303945,
john-francis-00239,john-francis,Sick Leave,2024-02-27,2024-03-05,8,request_approved,APPROVED,2025-11-17T12:53:54.303945,2025-11-17T12:53:54.303946
kim-rodriguez-00240,kim-rodriguez,Casual Leave,2024-03-30,2024-04-05,7,request_created,PENDING,2025-11-17T12:53:54.303974,
kim-rodriguez-00240,kim-rodriguez,Casual Leave,2024-03-30,2024-04-05,7,request_approved,APPROVED,2025-11-17T12:53:54.303974,2025-11-17T12:53:54.303976
elizabeth-hughes-00241,elizabeth-hughes,Paternity Leave,2024-04-14,2024-04-17,4,request_created,PENDING,2025-11-17T12:53:54.304003,
elizabeth-hughes-00241,elizabeth-hughes,Paternity Leave,2024-04-14,2024-04-17,4,request_approved,APPROVED,2025-11-17T12:53:54.304003,2025-11-17T12:53:54.304005
peggy-trujillo-00242,peggy-trujillo,Earned Leave,2024-03-22,2024-03-26,5,request_created,PENDING,2025-11-17T12:53:54.304032,
peggy-trujillo-00242,peggy-trujillo,Earned Leave,2024-03-22,2024-03-26,5,request_approved,APPROVED,2025-11-17T12:53:54.304032,2025-11-17T12:53:54.304033
kimberly-nichols-00243,kimberly-nichols,Casual Leave,2024-06-06,2024-06-10,5,request_created,PENDING,2025-11-17T12:53:54.304060,
kimberly-nichols-00243,kimberly-nichols,Casual Leave,2024-06-06,2024-06-10,5,request_approved,APPROVED,2025-11-17T12:53:54.304060,2025-11-17T12:53:54.304062
christopher-henderson-00244,christopher-henderson,Maternity Leave,2024-08-15,2024-08-18,4,request_created,PENDING,2025-11-17T12:53:54.304089,
christopher-henderson-00244,christopher-henderson,Maternity Leave,2024-08-15,2024-08-18,4,request_approved,APPROVED,2025-11-17T12:53:54.304089,2025-11-17T12:53:54.304092
william-lopez-00245,william-lopez,Earned Leave,2024-01-16,2024-01-20,5,request_created,PENDING,2025-11-17T12:53:54.304120,
william-lopez-00245,william-lopez,Earned Leave,2024-01-16,2024-01-20,5,request_approved,APPROVED,2025-11-17T12:53:54.304120,2025-11-17T12:53:54.304122
ruben-marshall-00246,ruben-marshall,Earned Leave,2024-09-04,2024-09-07,4,request_created,PENDING,2025-11-17T12:53:54.304149,
ruben-marshall-00246,ruben-marshall,Earned Leave,2024-09-04,2024-09-07,4,request_approved,APPROVED,2025-11-17T12:53:54.304149,2025-11-17T12:53:54.304151
john-miller-00247,john-miller,Maternity Leave,2024-10-20,2024-10-21,2,request_created,PENDING,2025-11-17T12:53:54.304178,
john-miller-00247,john-miller,Maternity Leave,2024-10-20,2024-10-21,2,request_approved,APPROVED,2025-11-17T12:53:54.304178,2025-11-17T12:53:54.304180
thomas-daniels-00248,thomas-daniels,Maternity Leave,2024-09-27,2024-10-01,5,request_created,PENDING,2025-11-17T12:53:54.304207,
thomas-daniels-00248,thomas-daniels,Maternity Leave,2024-09-27,2024-10-01,5,request_approved,APPROVED,2025-11-17T12:53:54.304207,2025-11-17T12:53:54.304208
henry-beck-00249,henry-beck,Sick Leave,2024-05-04,2024-05-08,5,request_created,PENDING,2025-11-17T12:53:54.304236,
henry-beck-00249,henry-beck,Sick Leave,2024-05-04,2024-05-08,5,request_approved,APPROVED,2025-11-17T12:53:54.304236,2025-11-17T12:53:54.304237
steven-thomas-00250,steven-thomas,Sick Leave,2024-08-22,2024-08-24,3,request_created,PENDING,2025-11-17T12:53:54.304270,
steven-thomas-00250,steven-thomas,Sick Leave,2024-08-22,2024-08-24,3,request_approved,APPROVED,2025-11-17T12:53:54.304270,2025-11-17T12:53:54.304271
christina-moran-00251,christina-moran,Paternity Leave,2024-10-08,2024-10-12,5,request_created,PENDING,2025-11-17T12:53:54.304302,
christina-moran-00251,christina-moran,Paternity Leave,2024-10-08,2024-10-12,5,request_approved,APPROVED,2025-11-17T12:53:54.304302,2025-11-17T12:53:54.304303
andrew-bolton-00252,andrew-bolton,Paternity Leave,2024-11-27,2024-12-01,5,request_created,PENDING,2025-11-17T12:53:54.304331,
andrew-bolton-00252,andrew-bolton,Paternity Leave,2024-11-27,2024-12-01,5,request_approved,APPROVED,2025-11-17T12:53:54.304331,2025-11-17T12:53:54.304333
martin-townsend-00253,martin-townsend,Casual Leave,2024-08-07,2024-08-15,9,request_created,PENDING,2025-11-17T12:53:54.304360,
martin-townsend-00253,martin-townsend,Casual Leave,2024-08-07,2024-08-15,9,request_approved,APPROVED,2025-11-17T12:53:54.304360,2025-11-17T12:53:54.304361
ashley-brewer-00254,ashley-brewer,Sick Leave,2024-03-31,2024-04-01,2,request_created,PENDING,2025-11-17T12:53:54.304393,
ashley-brewer-00254,ashley-brewer,Sick Leave,2024-03-31,2024-04-01,2,request_approved,APPROVED,2025-11-17T12:53:54.304393,2025-11-17T12:53:54.304394
mrs-melissa-bryant-00255,mrs-melissa-bryant,Maternity Leave,2024-05-29,2024-06-03,6,request_created,PENDING,2025-11-17T12:53:54.304421,
mrs-melissa-bryant-00255,mrs-melissa-bryant,Maternity Leave,2024-05-29,2024-06-03,6,request_approved,APPROVED,2025-11-17T12:53:54.304421,2025-11-17T12:53:54.304423
bill-johnson-00256,bill-johnson,Paternity Leave,2023-12-25,2023-12-30,6,request_created,PENDING,2025-11-17T12:53:54.304450,
bill-johnson-00256,bill-johnson,Paternity Leave,2023-12-25,2023-12-30,6,request_approved,APPROVED,2025-11-17T12:53:54.304450,2025-11-17T12:53:54.304452
christopher-ross-00257,christopher-ross,Sick Leave,2024-03-16,2024-03-21,6,request_created,PENDING,2025-11-17T12:53:54.304481,
christopher-ross-00257,christopher-ross,Sick Leave,2024-03-16,2024-03-21,6,request_approved,APPROVED,2025-11-17T12:53:54.304481,2025-11-17T12:53:54.304483
danielle-hamilton-00258,danielle-hamilton,Paternity Leave,2024-09-12,2024-09-13,2,request_created,PENDING,2025-11-17T12:53:54.304511,
danielle-hamilton-00258,danielle-hamilton,Paternity Leave,2024-09-12,2024-09-13,2,request_approved,APPROVED,2025-11-17T12:53:54.304511,2025-11-17T12:53:54.304512
kayla-anderson-00259,kayla-anderson,Earned Leave,2024-03-06,2024-03-15,10,request_created,PENDING,2025-11-17T12:53:54.304540,
kayla-anderson-00259,kayla-anderson,Earned Leave,2024-03-06,2024-03-15,10,request_approved,APPROVED,2025-11-17T12:53:54.304540,2025-11-17T12:53:54.304542
dr-lisa-hamilton-md-00260,dr-lisa-hamilton-md,Casual Leave,2023-12-26,2023-12-30,5,request_created,PENDING,2025-11-17T12:53:54.304570,
dr-lisa-hamilton-md-00260,dr-lisa-hamilton-md,Casual Leave,2023-12-26,2023-12-30,5,request_approved,APPROVED,2025-11-17T12:53:54.304570,2025-11-17T12:53:54.304572
shelby-franklin-00261,shelby-franklin,Paternity Leave,2024-05-24,2024-05-29,6,request_created,PENDING,2025-11-17T12:53:54.304600,
shelby-franklin-00261,shelby-franklin,Paternity Leave,2024-05-24,2024-05-29,6,request_approved,APPROVED,2025-11-17T12:53:54.304600,2025-11-17T12:53:54.304602
maxwell-gordon-00262,maxwell-gordon,Sick Leave,2024-02-03,2024-02-11,9,request_created,PENDING,2025-11-17T12:53:54.304633,
maxwell-gordon-00262,maxwell-gordon,Sick Leave,2024-02-03,2024-02-11,9,request_approved,APPROVED,2025-11-17T12:53:54.304633,2025-11-17T12:53:54.304634
richard-miller-00263,richard-miller,Paternity Leave,2024-03-16,2024-03-23,8,request_created,PENDING,2025-11-17T12:53:54.304662,
richard-miller-00263,richard-miller,Paternity Leave,2024-03-16,2024-03-23,8,request_approved,APPROVED,2025-11-17T12:53:54.304662,2025-11-17T12:53:54.304664
kyle-martinez-00264,kyle-martinez,Maternity Leave,2024-04-18,2024-04-18,1,request_created,PENDING,2025-11-17T12:53:54.304693,
kyle-martinez-00264,kyle-martinez,Maternity Leave,2024-04-18,2024-04-18,1,request_approved,APPROVED,2025-11-17T12:53:54.304693,2025-11-17T12:53:54.304695
thomas-preston-00265,thomas-preston,Casual Leave,2024-04-11,2024-04-15,5,request_created,PENDING,2025-11-17T12:53:54.304724,
thomas-preston-00265,thomas-preston,Casual Leave,2024-04-11,2024-04-15,5,request_approved,APPROVED,2025-11-17T12:53:54.304724,2025-11-17T12:53:54.304726
shawn-baker-00266,shawn-baker,Casual Leave,2024-05-10,2024-05-15,6,request_created,PENDING,2025-11-17T12:53:54.304757,
shawn-baker-00266,shawn-baker,Casual Leave,2024-05-10,2024-05-15,6,request_approved,APPROVED,2025-11-17T12:53:54.304757,2025-11-17T12:53:54.304759
juan-foster-00267,juan-foster,Sick Leave,2024-05-05,2024-05-11,7,request_created,PENDING,2025-11-17T12:53:54.304786,
juan-foster-00267,juan-foster,Sick Leave,2024-05-05,2024-05-11,7,request_approved,APPROVED,2025-11-17T12:53:54.304786,2025-11-17T12:53:54.304788
nicholas-thompson-00268,nicholas-thompson,Sick Leave,2024-05-11,2024-05-12,2,request_created,PENDING,2025-11-17T12:53:54.304815,
nicholas-thompson-00268,nicholas-thompson,Sick Leave,2024-05-11,2024-05-12,2,request_approved,APPROVED,2025-11-17T12:53:54.304815,2025-11-17T12:53:54.304817
shannon-lowe-00269,shannon-lowe,Sick Leave,2024-02-04,2024-02-05,2,request_created,PENDING,2025-11-17T12:53:54.304844,
shannon-lowe-00269,shannon-lowe,Sick Leave,2024-02-04,2024-02-05,2,request_approved,APPROVED,2025-11-17T12:53:54.304844,2025-11-17T12:53:54.304845
tiffany-cabrera-00270,tiffany-cabrera,Earned Leave,2024-08-19,2024-08-25,7,request_created,PENDING,2025-11-17T12:53:54.304873,
tiffany-cabrera-00270,tiffany-cabrera,Earned Leave,2024-08-19,2024-08-25,7,request_approved,APPROVED,2025-11-17T12:53:54.304873,2025-11-17T12:53:54.304875
benjamin-wood-00271,benjamin-wood,Sick Leave,2024-11-16,2024-11-23,8,request_created,PENDING,2025-11-17T12:53:54.304903,
benjamin-wood-00271,benjamin-wood,Sick Leave,2024-11-16,2024-11-23,8,request_approved,APPROVED,2025-11-17T12:53:54.304903,2025-11-17T12:53:54.304904
alexandra-campbell-00272,alexandra-campbell,Maternity Leave,2024-12-08,2024-12-13,6,request_created,PENDING,2025-11-17T12:53:54.304933,
alexandra-campbell-00272,alexandra-campbell,Maternity Leave,2024-12-08,2024-12-13,6,request_approved,APPROVED,2025-11-17T12:53:54.304933,2025-11-17T12:53:54.304935
andrew-mendez-00273,andrew-mendez,Earned Leave,2024-03-05,2024-03-13,9,request_created,PENDING,2025-11-17T12:53:54.304963,
andrew-mendez-00273,andrew-mendez,Earned Leave,2024-03-05,2024-03-13,9,request_approved,APPROVED,2025-11-17T12:53:54.304963,2025-11-17T12:53:54.304967
francisco-hamilton-00274,francisco-hamilton,Casual Leave,2024-04-12,2024-04-20,9,request_created,PENDING,2025-11-17T12:53:54.304996,
francisco-hamilton-00274,francisco-hamilton,Casual Leave,2024-04-12,2024-04-20,9,request_approved,APPROVED,2025-11-17T12:53:54.304996,2025-11-17T12:53:54.304997
eric-bates-00275,eric-bates,Sick Leave,2024-06-30,2024-07-07,8,request_created,PENDING,2025-11-17T12:53:54.305025,
eric-bates-00275,eric-bates,Sick Leave,2024-06-30,2024-07-07,8,request_approved,APPROVED,2025-11-17T12:53:54.305025,2025-11-17T12:53:54.305027
jared-douglas-00276,jared-douglas,Sick Leave,2023-12-27,2024-01-03,8,request_created,PENDING,2025-11-17T12:53:54.305056,
jared-douglas-00276,jared-douglas,Sick Leave,2023-12-27,2024-01-03,8,request_approved,APPROVED,2025-11-17T12:53:54.305056,2025-11-17T12:53:54.305058
katie-stewart-00277,katie-stewart,Sick Leave,2024-05-30,2024-06-01,3,request_created,PENDING,2025-11-17T12:53:54.305089,
katie-stewart-00277,katie-stewart,Sick Leave,2024-05-30,2024-06-01,3,request_approved,APPROVED,2025-11-17T12:53:54.305089,2025-11-17T12:53:54.305090
shannon-hanson-00278,shannon-hanson,Sick Leave,2024-09-04,2024-09-11,8,request_created,PENDING,2025-11-17T12:53:54.305122,
shannon-hanson-00278,shannon-hanson,Sick Leave,2024-09-04,2024-09-11,8,request_approved,APPROVED,2025-11-17T12:53:54.305122,2025-11-17T12:53:54.305124
patricia-simon-00279,patricia-simon,Paternity Leave,2024-10-16,2024-10-17,2,request_created,PENDING,2025-11-17T12:53:54.305153,
patricia-simon-00279,patricia-simon,Paternity Leave,2024-10-16,2024-10-17,2,request_approved,APPROVED,2025-11-17T12:53:54.305153,2025-11-17T12:53:54.305155
rhonda-gilbert-00280,rhonda-gilbert,Paternity Leave,2024-03-21,2024-03-24,4,request_created,PENDING,2025-11-17T12:53:54.305183,
rhonda-gilbert-00280,rhonda-gilbert,Paternity Leave,2024-03-21,2024-03-24,4,request_approved,APPROVED,2025-11-17T12:53:54.305183,2025-11-17T12:53:54.305185
shane-mcguire-00281,shane-mcguire,Casual Leave,2024-02-04,2024-02-12,9,request_created,PENDING,2025-11-17T12:53:54.305213,
shane-mcguire-00281,shane-mcguire,Casual Leave,2024-02-04,2024-02-12,9,request_approved,APPROVED,2025-11-17T12:53:54.305213,2025-11-17T12:53:54.305215
jennifer-wiggins-00282,jennifer-wiggins,Paternity Leave,2024-07-27,2024-08-04,9,request_created,PENDING,2025-11-17T12:53:54.305243,
jennifer-wiggins-00282,jennifer-wiggins,Paternity Leave,2024-07-27,2024-08-04,9,request_approved,APPROVED,2025-11-17T12:53:54.305243,2025-11-17T12:53:54.305244
william-farrell-00283,william-farrell,Earned Leave,2024-09-26,2024-10-04,9,request_created,PENDING,2025-11-17T12:53:54.305272,
william-farrell-00283,william-farrell,Earned Leave,2024-09-26,2024-10-04,9,request_approved,APPROVED,2025-11-17T12:53:54.305272,2025-11-17T12:53:54.305276
elizabeth-johnson-00284,elizabeth-johnson,Earned Leave,2024-04-22,2024-05-01,10,request_created,PENDING,2025-11-17T12:53:54.305304,
elizabeth-johnson-00284,elizabeth-johnson,Earned Leave,2024-04-22,2024-05-01,10,request_approved,APPROVED,2025-11-17T12:53:54.305304,2025-11-17T12:53:54.305306
amanda-thompson-00285,amanda-thompson,Earned Leave,2024-01-31,2024-02-06,7,request_created,PENDING,2025-11-17T12:53:54.305334,
amanda-thompson-00285,amanda-thompson,Earned Leave,2024-01-31,2024-02-06,7,request_approved,APPROVED,2025-11-17T12:53:54.305334,2025-11-17T12:53:54.305335
kristopher-estrada-00286,kristopher-estrada,Earned Leave,2024-01-02,2024-01-02,1,request_created,PENDING,2025-11-17T12:53:54.305367,
kristopher-estrada-00286,kristopher-estrada,Earned Leave,2024-01-02,2024-01-02,1,request_approved,APPROVED,2025-11-17T12:53:54.305367,2025-11-17T12:53:54.305369
molly-vang-00287,molly-vang,Sick Leave,2024-04-20,2024-04-21,2,request_created,PENDING,2025-11-17T12:53:54.305401,
molly-vang-00287,molly-vang,Sick Leave,2024-04-20,2024-04-21,2,request_approved,APPROVED,2025-11-17T12:53:54.305401,2025-11-17T12:53:54.305402
brett-dickerson-00288,brett-dickerson,Maternity Leave,2024-08-19,2024-08-19,1,request_created,PENDING,2025-11-17T12:53:54.305430,
brett-dickerson-00288,brett-dickerson,Maternity Leave,2024-08-19,2024-08-19,1,request_approved,APPROVED,2025-11-17T12:53:54.305430,2025-11-17T12:53:54.305432
leslie-henry-00289,leslie-henry,Earned Leave,2024-12-08,2024-12-16,9,request_created,PENDING,2025-11-17T12:53:54.305459,
leslie-henry-00289,leslie-henry,Earned Leave,2024-12-08,2024-12-16,9,request_approved,APPROVED,2025-11-17T12:53:54.305459,2025-11-17T12:53:54.305461
william-abbott-00290,william-abbott,Paternity Leave,2024-07-23,2024-07-26,4,request_created,PENDING,2025-11-17T12:53:54.305489,
william-abbott-00290,william-abbott,Paternity Leave,2024-07-23,2024-07-26,4,request_approved,APPROVED,2025-11-17T12:53:54.305489,2025-11-17T12:53:54.305490
randall-medina-00291,randall-medina,Paternity Leave,2024-01-26,2024-02-01,7,request_created,PENDING,2025-11-17T12:53:54.305522,
randall-medina-00291,randall-medina,Paternity Leave,2024-01-26,2024-02-01,7,request_approved,APPROVED,2025-11-17T12:53:54.305522,2025-11-17T12:53:54.305523
matthew-newman-00292,matthew-newman,Sick Leave,2024-05-06,2024-05-15,10,request_created,PENDING,2025-11-17T12:53:54.305551,
matthew-newman-00292,matthew-newman,Sick Leave,2024-05-06,2024-05-15,10,request_approved,APPROVED,2025-11-17T12:53:54.305551,2025-11-17T12:53:54.305553
annette-coleman-00293,annette-coleman,Sick Leave,2024-01-09,2024-01-15,7,request_created,PENDING,2025-11-17T12:53:54.305584,
annette-coleman-00293,annette-coleman,Sick Leave,2024-01-09,2024-01-15,7,request_approved,APPROVED,2025-11-17T12:53:54.305584,2025-11-17T12:53:54.305586
natasha-garcia-00294,natasha-garcia,Paternity Leave,2024-09-25,2024-10-01,7,request_created,PENDING,2025-11-17T12:53:54.305628,
natasha-garcia-00294,natasha-garcia,Paternity Leave,2024-09-25,2024-10-01,7,request_approved,APPROVED,2025-11-17T12:53:54.305628,2025-11-17T12:53:54.305631
lisa-rasmussen-00295,lisa-rasmussen,Maternity Leave,2024-11-27,2024-11-29,3,request_created,PENDING,2025-11-17T12:53:54.305668,
lisa-rasmussen-00295,lisa-rasmussen,Maternity Leave,2024-11-27,2024-11-29,3,request_approved,APPROVED,2025-11-17T12:53:54.305668,2025-11-17T12:53:54.305669
jamie-moreno-00296,jamie-moreno,Paternity Leave,2024-06-22,2024-07-01,10,request_created,PENDING,2025-11-17T12:53:54.305700,
jamie-moreno-00296,jamie-moreno,Paternity Leave,2024-06-22,2024-07-01,10,request_approved,APPROVED,2025-11-17T12:53:54.305700,2025-11-17T12:53:54.305703
traci-frye-00297,traci-frye,Earned Leave,2024-04-11,2024-04-13,3,request_created,PENDING,2025-11-17T12:53:54.305737,
traci-frye-00297,traci-frye,Earned Leave,2024-04-11,2024-04-13,3,request_approved,APPROVED,2025-11-17T12:53:54.305737,2025-11-17T12:53:54.305739
rachel-branch-00298,rachel-branch,Sick Leave,2024-04-14,2024-04-22,9,request_created,PENDING,2025-11-17T12:53:54.305769,
rachel-branch-00298,rachel-branch,Sick Leave,2024-04-14,2024-04-22,9,request_approved,APPROVED,2025-11-17T12:53:54.305769,2025-11-17T12:53:54.305770
ashley-norton-00299,ashley-norton,Maternity Leave,2024-02-01,2024-02-02,2,request_created,PENDING,2025-11-17T12:53:54.305800,
ashley-norton-00299,ashley-norton,Maternity Leave,2024-02-01,2024-02-02,2,request_approved,APPROVED,2025-11-17T12:53:54.305800,2025-11-17T12:53:54.305801
